<?xml version="1.0" encoding="UTF-8"?>
<beans xmlns="http://www.springframework.org/schema/beans" xmlns:xsi="http://www.w3.org/2001/XMLSchema-instance"
    xsi:schemaLocation="http://www.springframework.org/schema/beans http://www.springframework.org/schema/beans/spring-beans-4.0.xsd
		http://www.springframework.org/schema/batch http://www.springframework.org/schema/batch/spring-batch-3.0.xsd">
    <import resource="abstract/eGovBase.xml" />
    <job id="mybatisToDelimitedJob" parent="eGovBaseJob" xmlns="http://www.springframework.org/schema/batch">
        <step id="mybatisToDelimitedStep" parent="eGovBaseStep">
            <tasklet>
                <chunk reader="mybatisToDelimitedJob.mybatisToDelimitedStep.mybatisItemReader"
                       processor="mybatisToDelimitedJob.mybatisToDelimitedStep.itemProcessor"
                       writer="mybatisToDelimitedJob.mybatisToDelimitedStep.delimitedItemWriter"
                       commit-interval="2" />
            </tasklet>
        </step>
    </job>
    <!-- <bean id="ibatisToDelimitedJob.ibatisToDelimitedStep.ibatisItemReader" class="org.springframework.batch.item.database.IbatisPagingItemReader">
        <property name="queryId" value="getAllCustomerCredits" />
        <property name="sqlMapClient" ref="sqlMapClient" />
        <property name="dataSource" ref="dataSource" />
    </bean> -->
    <bean id="mybatisToDelimitedJob.mybatisToDelimitedStep.mybatisItemReader" class="org.egovframe.rte.bat.core.item.database.EgovMyBatisPagingItemReader" scope="step">
		<property name="sqlSessionFactory" ref="egov.sqlSession" />
		<property name="queryId" value="Customer.getAllCustomerCredits" />
		<property name="pageSize" value="#{100}" />
	</bean>
    
    <bean id="mybatisToDelimitedJob.mybatisToDelimitedStep.delimitedItemWriter" class="org.springframework.batch.item.file.FlatFileItemWriter" scope="step">
        <property name="resource" value="file:./target/test-outputs/csvOutput.csv" />
        <property name="lineAggregator">
            <bean class="org.springframework.batch.item.file.transform.DelimitedLineAggregator">
                <property name="delimiter" value="," />
                <property name="fieldExtractor">
                    <bean class="org.egovframe.rte.bat.core.item.file.transform.EgovFieldExtractor">
                        <property name="names" value="name,credit" />
                    </bean>
                </property>
            </bean>
        </property>
    </bean>
    <bean id="mybatisToDelimitedJob.mybatisToDelimitedStep.itemProcessor" class="egovframework.example.bat.domain.trade.CustomerCreditIncreaseProcessor" />
</beans>