<?xml version="1.0" encoding="UTF-8"?>
<!DOCTYPE mapper PUBLIC "-//mybatis.org//DTD Mapper 3.0//EN" "http://mybatis.org/dtd/mybatis-3-mapper.dtd">

<mapper namespace="BBSLoneMasterDAO">

	<resultMap id="boardMasterList" type="egovframework.com.cop.bbs.service.BoardMasterVO">
		<result property="bbsId" column="BBS_ID"/>
		<result property="bbsTyCode" column="BBS_TY_CODE"/>
		<result property="bbsTyCodeNm" column="BBS_TY_CODE_NM"/>
		<result property="bbsAttrbCode" column="BBS_ATTRB_CODE"/>
		<result property="bbsAttrbCodeNm" column="BBS_ATTRB_CODE_NM"/>
		<result property="bbsNm" column="BBS_NM"/>
		<result property="tmplatId" column="TMPLAT_ID"/>
		<result property="useAt" column="USE_AT"/>
		<result property="frstRegisterPnttm" column="FRST_REGIST_PNTTM"/>
	</resultMap>

	<resultMap id="boardMasterDetail" type="egovframework.com.cop.bbs.service.BoardMasterVO">
		<result property="bbsId" column="BBS_ID"/>
		<result property="bbsTyCode" column="BBS_TY_CODE"/>
		<result property="bbsAttrbCode" column="BBS_ATTRB_CODE"/>
		<result property="bbsNm" column="BBS_NM"/>
		<result property="bbsIntrcn" column="BBS_INTRCN"/>
		<result property="replyPosblAt" column="REPLY_POSBL_AT"/>
		<result property="fileAtchPosblAt" column="FILE_ATCH_POSBL_AT"/>
		<result property="posblAtchFileNumber" column="ATCH_POSBL_FILE_NUMBER"/>
		<result property="posblAtchFileSize" column="ATCH_POSBL_FILE_SIZE"/>
		<result property="tmplatId" column="TMPLAT_ID"/>
		<result property="frstRegisterId" column="FRST_REGISTER_ID"/>
		<result property="frstRegisterNm" column="FRST_REGISTER_NM"/>
		<result property="frstRegisterPnttm" column="FRST_REGIST_PNTTM"/>
		<result property="bbsTyCodeNm" column="BBS_TY_CODE_NM"/>
		<result property="bbsAttrbCodeNm" column="BBS_ATTRB_CODE_NM"/>
 	    <result property="tmplatNm" column="TMPLAT_NM"/>
		<result property="authFlag" column="AUTH_FLAG"/>
		<result property="tmplatCours" column="TMPLAT_COURS"/>
	</resultMap>

	<resultMap id="boardMasterAll" type="egovframework.com.cop.bbs.service.BoardMasterVO">
		<result property="bbsId" column="BBS_ID"/>
		<result property="bbsTyCode" column="BBS_TY_CODE"/>
		<result property="bbsAttrbCode" column="BBS_ATTRB_CODE"/>
		<result property="bbsNm" column="BBS_NM"/>
		<result property="tmplatId" column="TMPLAT_ID"/>
	</resultMap>

	<insert id="insertMaster" parameterType="egovframework.com.cop.bbs.service.BoardMaster" >
		<![CDATA[
			INSERT INTO COMTNBBSMASTER
			(BBS_ID, BBS_TY_CODE, BBS_ATTRB_CODE, BBS_NM, BBS_INTRCN, 
			 REPLY_POSBL_AT, FILE_ATCH_POSBL_AT, ATCH_POSBL_FILE_NUMBER,
			 ATCH_POSBL_FILE_SIZE, TMPLAT_ID, USE_AT,
			 FRST_REGISTER_ID, FRST_REGIST_PNTTM )
			VALUES
			( #{bbsId}, #{bbsTyCode}, #{bbsAttrbCode}, #{bbsNm}, #{bbsIntrcn}, 
			  #{replyPosblAt}, #{fileAtchPosblAt}, #{posblAtchFileNumber}, 
			  #{posblAtchFileSize}, #{tmplatId}, #{useAt}, #{frstRegisterId}, SYSDATETIME  
			 )			
		]]>
	</insert>
	
	<select id="selectMasterList" parameterType="egovframework.com.cop.bbs.service.BoardMasterVO" resultMap="boardMasterList" >
		<![CDATA[
			SELECT 
				a.BBS_ID, a.BBS_TY_CODE, b.CODE_NM as BBS_TY_CODE_NM,
				a.BBS_ATTRB_CODE, c.CODE_NM as BBS_ATTRB_CODE_NM, a.BBS_NM, 
				a.TMPLAT_ID, a.USE_AT, 
				TO_CHAR(a.FRST_REGIST_PNTTM, 'YYYY-MM-DD') as FRST_REGIST_PNTTM
			FROM
				COMTNBBSMASTER a
			INNER JOIN
				COMTNBBSUSE z
				ON (a.BBS_ID = z.BBS_ID AND z.REGIST_SE_CODE = 'REGC01')
			LEFT OUTER JOIN 
				(SELECT CODE_ID, CODE, CODE_NM FROM 
					COMTCCMMNDETAILCODE WHERE CODE_ID = 'COM004' AND USE_AT='Y') b
				ON a.BBS_TY_CODE = b.CODE
			LEFT OUTER JOIN 
				(SELECT CODE_ID, CODE, CODE_NM FROM 
					COMTCCMMNDETAILCODE WHERE CODE_ID = 'COM009' AND USE_AT='Y') c
				ON a.BBS_ATTRB_CODE = c.CODE
			WHERE 1=1	
		]]>
			<if test="useAt != ''">
				AND a.USE_AT = #{useAt}
			</if>
			<if test="searchCnd == '0'">AND
				<![CDATA[	a.BBS_NM LIKE CONCAT('%' , #{searchWrd} , '%') 		]]>
			</if>
			<if test="searchCnd == '1'">AND
				<![CDATA[	b.CODE_NM LIKE CONCAT('%' , #{searchWrd} , '%')		]]>
			</if>		
		<![CDATA[			
			ORDER BY a.FRST_REGIST_PNTTM DESC 
			) TB ) WHERE rn BETWEEN #{firstIndex} + 1 AND #{firstIndex} + #{recordCountPerPage}
		]]>				
	</select>	
	
	<select id="selectMasterListCnt" parameterType="egovframework.com.cop.bbs.service.BoardMasterVO" resultType="java.lang.Integer" >
		<![CDATA[
			SELECT 
				COUNT(a.BBS_ID) as cnt
			FROM
				COMTNBBSMASTER a
			INNER JOIN
				COMTNBBSUSE z
				ON (a.BBS_ID = z.BBS_ID AND z.REGIST_SE_CODE = 'REGC01')
			LEFT OUTER JOIN 
				(SELECT CODE_ID, CODE, CODE_NM FROM 
					COMTCCMMNDETAILCODE WHERE CODE_ID = 'COM004' AND USE_AT='Y') b
				ON a.BBS_TY_CODE = b.CODE
			LEFT OUTER JOIN 
				(SELECT CODE_ID, CODE, CODE_NM FROM 
					COMTCCMMNDETAILCODE WHERE CODE_ID = 'COM009' AND USE_AT='Y') c
				ON a.BBS_ATTRB_CODE = c.CODE
			WHERE 1=1 
		]]>
			<if test="useAt != ''">
				AND a.USE_AT = #{useAt}
			</if>
			<if test="searchCnd == '0'">AND
				<![CDATA[	a.BBS_NM LIKE CONCAT('%' , #{searchWrd} , '%') 		]]>
			</if>
			<if test="searchCnd == '1'">AND
				<![CDATA[	b.CODE_NM LIKE CONCAT('%' , #{searchWrd} , '%')		]]>
			</if>	
	</select>	
 
	<select id="selectMaster" parameterType="egovframework.com.cop.bbs.service.BoardMaster" resultMap="boardMasterDetail" >
		<![CDATA[
			SELECT 
				a.BBS_ID, a.BBS_TY_CODE, b.CODE_NM as BBS_TY_CODE_NM, a.BBS_INTRCN, 
				a.BBS_ATTRB_CODE, c.CODE_NM as BBS_ATTRB_CODE_NM, a.BBS_NM, 
				a.TMPLAT_ID, d.TMPLAT_NM, d.TMPLAT_COURS, a.FILE_ATCH_POSBL_AT, a.ATCH_POSBL_FILE_NUMBER,
				a.ATCH_POSBL_FILE_SIZE, a.REPLY_POSBL_AT, a.FRST_REGISTER_ID, e.USER_NM as FRST_REGISTER_NM,
				a.USE_AT, TO_CHAR(a.FRST_REGIST_PNTTM, 'YYYY-MM-DD') as FRST_REGIST_PNTTM				
				,(SELECT NVL(USE_AT,'N') FROM COMTNBBSUSE 
					WHERE BBS_ID = #{bbsId} 
					AND TRGET_ID IN (#{uniqId}, 'SYSTEM_DEFAULT_BOARD')
				) as AUTH_FLAG
			FROM
				COMTNBBSMASTER a
			LEFT OUTER JOIN 
				(SELECT CODE_ID, CODE, CODE_NM FROM COMTCCMMNDETAILCODE WHERE CODE_ID = 'COM004' AND USE_AT='Y') b
				ON a.BBS_TY_CODE = b.CODE
			LEFT OUTER JOIN 
				(SELECT CODE_ID, CODE, CODE_NM FROM COMTCCMMNDETAILCODE WHERE CODE_ID = 'COM009' AND USE_AT='Y') c
				ON a.BBS_ATTRB_CODE = c.CODE
			LEFT OUTER JOIN COMTNTMPLATINFO d
				ON a.TMPLAT_ID = d.TMPLAT_ID				
			LEFT OUTER JOIN COMVNUSERMASTER e
				ON a.FRST_REGISTER_ID = e.ESNTL_ID		
			WHERE a.BBS_ID = #{bbsId}
		]]>				
	</select> 
 
 	<update id="updateMaster" parameterType="egovframework.com.cop.bbs.service.BoardMaster">
 		<![CDATA[
			UPDATE COMTNBBSMASTER SET 
				BBS_NM = #{bbsNm},
				BBS_INTRCN = #{bbsIntrcn}, 
				FILE_ATCH_POSBL_AT = #{fileAtchPosblAt},
				ATCH_POSBL_FILE_NUMBER = #{posblAtchFileNumber},
				ATCH_POSBL_FILE_SIZE = #{posblAtchFileSize},
				TMPLAT_ID = #{tmplatId},		
				LAST_UPDUSR_ID = #{lastUpdusrId},
				LAST_UPDT_PNTTM = SYSDATETIME
			WHERE BBS_ID = #{bbsId}
 		]]>
 	</update>

 	<update id="deleteMaster" parameterType="egovframework.com.cop.bbs.service.BoardMaster">
 		<![CDATA[
			UPDATE COMTNBBSMASTER SET 
				USE_AT = 'N',
				LAST_UPDUSR_ID = #{lastUpdusrId},
				LAST_UPDT_PNTTM = SYSDATETIME
			WHERE BBS_ID = #{bbsId}
 		]]>
 	</update>

</mapper>
