<?xml version="1.0" encoding="UTF-8"?>
<beans xmlns="http://www.springframework.org/schema/beans" xmlns:xsi="http://www.w3.org/2001/XMLSchema-instance"
    xmlns:p="http://www.springframework.org/schema/p"
    xmlns:context="http://www.springframework.org/schema/context"
    xmlns:mvc="http://www.springframework.org/schema/mvc"
    xsi:schemaLocation="http://www.springframework.org/schema/beans http://www.springframework.org/schema/beans/spring-beans-3.2.xsd
        http://www.springframework.org/schema/context http://www.springframework.org/schema/context/spring-context-3.2.xsd
        http://www.springframework.org/schema/mvc http://www.springframework.org/schema/mvc/spring-mvc-3.2.xsd">

    <context:component-scan base-package="egovframework">
        <context:include-filter type="annotation" expression="org.springframework.stereotype.Controller"/>
        <context:exclude-filter type="annotation" expression="org.springframework.stereotype.Service"/>
        <context:exclude-filter type="annotation" expression="org.springframework.stereotype.Repository"/>
    </context:component-scan>
    
    <bean class="org.springframework.web.servlet.handler.SimpleMappingExceptionResolver">
        <property name="defaultErrorView" value="cmmn/bizError"/>
        <property name="exceptionMappings">
            <props>
                <prop key="org.springframework.dao.DataAccessException">cmmn/dataAccessFailure</prop>
                <prop key="org.springframework.transaction.TransactionException">cmmn/transactionFailure</prop>
                <prop key="org.egovframe.fdl.cmmn.exception.EgovBizException">cmmn/bizError</prop>
            </props>
        </property>
    </bean>
    
    <bean class="org.springframework.web.servlet.view.UrlBasedViewResolver" p:order="1" 
        p:viewClass="org.springframework.web.servlet.view.JstlView" 
        p:prefix="/WEB-INF/jsp/egovframework/example/" p:suffix=".jsp"/>
    
    <mvc:annotation-driven/>

</beans>