<?xml version="1.0" encoding="UTF-8"?>
<!-- 
	수정일                 수정자                          수정내용
  =========     =======    =================================================
  2011.9.2   	정진오     	 	FRST_REGIST_PNTTM컬럼에 FRST_REGISTER_PNTTM Alias 추가
  							(egovMap을 사용하는 조회 쿼리의경우)							
  2011.10.05    서준식               보안 취약점 점검사항 반영 $->#변경
-->
<!DOCTYPE sqlMap PUBLIC "-//ibatis.apache.org//DTD SQL Map 2.0//EN" "http://ibatis.apache.org/dtd/sql-map-2.dtd">
<sqlMap namespace="DiaryManage">

	<typeAlias  alias="egovMap" type="org.egovframe.rte.psl.dataaccess.util.EgovMap"/>
	<typeAlias  alias="comDefaultVO" type="egovframework.com.cmm.ComDefaultVO"/>
	<typeAlias  alias="DiaryManageVO" type="egovframework.com.cop.smt.dsm.service.DiaryManageVO"/>

	<resultMap id="DiaryManage" class="egovframework.com.cop.smt.dsm.service.DiaryManageVO">
	<result property="diaryId" column="DIARY_ID" columnIndex="1"/>
	<result property="schdulId" column="SCHDUL_ID" columnIndex="2"/>
	<result property="schdulCn" column="SCHDUL_CN" columnIndex="3"/>
	<result property="diaryProcsPte" column="DIARY_PROGRSRT" columnIndex="4"/>
	<result property="diaryNm" column="DIARY_NM" columnIndex="5"/>
	<result property="drctMatter" column="DRCT_MATTER" columnIndex="6"/>
	<result property="partclrMatter" column="PARTCLR_MATTER" columnIndex="7"/>
	<result property="atchFileId" column="ATCH_FILE_ID" columnIndex="8"/>
	<result property="frstRegisterPnttm" column="FRST_REGIST_PNTTM" columnIndex="9"/>
	<result property="frstRegisterId" column="FRST_REGISTER_ID" columnIndex="10"/>
	<result property="lastUpdusrPnttm" column="LAST_UPDT_PNTTM" columnIndex="11"/>
	<result property="lastUpdusrId" column="LAST_UPDUSR_ID" columnIndex="11"/>
	
	</resultMap>
	<!-- 일지정보::삭제  -->
	<delete id="DiaryManage.deleteDiaryManage">
		<![CDATA[
			DELETE FROM COMTNDIARYINFO 
			WHERE 1=1 
			AND DIARY_ID = #diaryId#
		]]>
	</delete>

	<!-- 일지정보::수정  -->
	<update id="DiaryManage.updateDiaryManage">
		UPDATE COMTNDIARYINFO 
		SET  
			DIARY_PROGRSRT=#diaryProcsPte#,
			DIARY_NM=#diaryNm#,
			DRCT_MATTER=#drctMatter#,
			PARTCLR_MATTER=#partclrMatter#,
			ATCH_FILE_ID=#atchFileId#,
			LAST_UPDT_PNTTM = sysdate,
			LAST_UPDUSR_ID = #lastUpdusrId#
		WHERE 1=1 
			AND DIARY_ID = #diaryId# 
	</update>
	
	<!-- 일지정보::상세보기 -->
	<select id="DiaryManage.selectDiaryManageDetail" resultMap="DiaryManage">
		SELECT 
		A.DIARY_ID,
		A.SCHDUL_ID,
		(SELECT SCHDUL_NM FROM COMTNSCHDULINFO WHERE SCHDUL_ID = A.SCHDUL_ID) SCHDUL_CN,
		A.DIARY_PROGRSRT,
		A.DIARY_NM,
		A.DRCT_MATTER,
		A.PARTCLR_MATTER,
		A.ATCH_FILE_ID,
		A.FRST_REGIST_PNTTM,
		A.FRST_REGISTER_ID,
		A.LAST_UPDT_PNTTM,
		A.LAST_UPDUSR_ID
		FROM COMTNDIARYINFO A 
		WHERE 1=1
			AND A.DIARY_ID = #diaryId#  

	</select>
	
	<!-- 일지정보::목록조회_게시물정보 -->
	<select id="DiaryManage.selectDiaryManage" parameterClass="comDefaultVO" resultClass="egovMap">
	
	<![CDATA[	
	SELECT *
	FROM (
	SELECT T0.*, ROWNUM RNUM
		FROM (
	]]>
	
	 <![CDATA[
		SELECT 
		A.DIARY_ID,
		A.SCHDUL_ID,
		(SELECT SCHDUL_CN FROM COMTNSCHDULINFO WHERE SCHDUL_ID = A.SCHDUL_ID) SCHDUL_CN,
		A.DIARY_PROGRSRT  AS DIARY_PROCS_PTE,
		A.DIARY_NM,
		A.DRCT_MATTER,
		A.PARTCLR_MATTER,
		A.ATCH_FILE_ID,
		A.FRST_REGIST_PNTTM FRST_REGISTER_PNTTM,
		A.FRST_REGISTER_ID,
		(SELECT USER_NM FROM COMTNEMPLYRINFO WHERE ESNTL_ID = A.FRST_REGISTER_ID) FRST_REGISTER_NM,
		A.LAST_UPDT_PNTTM,
		A.LAST_UPDUSR_ID
		FROM COMTNDIARYINFO A 
		WHERE 1=1
	 ]]>
	 <isNotEmpty property="searchKeyword">
	 	<isNotEqual property="searchKeyword" compareValue="">
	 		<isNotEqual property="searchCondition" compareValue="">
	 			<isEqual property="searchCondition" compareValue="DIARY_NM">
	 				AND DIARY_NM LIKE '%' || #searchKeyword# || '%'
	 			</isEqual>
	 			<isEqual property="searchCondition" compareValue="DRCT_MATTER">
	 				AND DRCT_MATTER LIKE '%' || #searchKeyword# || '%'
	 			</isEqual>
	 			<isEqual property="searchCondition" compareValue="PARTCLR_MATTER">
	 				AND PARTCLR_MATTER LIKE '%' || #searchKeyword# || '%'
	 			</isEqual>

	 		</isNotEqual>
	 	</isNotEqual>
	 </isNotEmpty>
	 <![CDATA[
		ORDER BY A.FRST_REGIST_PNTTM DESC
	]]>
	
	<![CDATA[	
		) T0
	) 
	WHERE RNUM BETWEEN #firstIndex# + 1 AND #firstIndex# + #recordCountPerPage#
	]]>	
	</select>
	
	<!-- 일지정보::목록조회_게시물 총갯수  -->
	<select id="DiaryManage.selectDiaryManageCnt" parameterClass="comDefaultVO" resultClass="int">
		SELECT 
		COUNT(*) totcnt
		FROM COMTNDIARYINFO 
		WHERE 1=1
	 <isNotEmpty property="searchKeyword">
	 	<isNotEqual property="searchKeyword" compareValue="">
	 		<isNotEqual property="searchCondition" compareValue="">
	 			<isNotEqual property="searchCondition" compareValue="">
	 			<isEqual property="searchCondition" compareValue="DIARY_NM">
	 				AND DIARY_NM LIKE '%' || #searchKeyword# || '%'
	 			</isEqual>
	 			<isEqual property="searchCondition" compareValue="DRCT_MATTER">
	 				AND DRCT_MATTER LIKE  '%' || #searchKeyword# || '%'
	 			</isEqual>
	 			<isEqual property="searchCondition" compareValue="PARTCLR_MATTER">
	 				AND PARTCLR_MATTER LIKE  '%' || #searchKeyword# || '%'
	 			</isEqual>
	 		</isNotEqual>
	 		</isNotEqual>
	 	</isNotEqual>
	 </isNotEmpty>
	</select>
	
	<!-- 일지정보::입력  -->
	<insert id="DiaryManage.insertDiaryManage">
	 <![CDATA[
		INSERT INTO COMTNDIARYINFO ( 
		DIARY_ID,
		SCHDUL_ID,
		DIARY_PROGRSRT,
		DIARY_NM,
		DRCT_MATTER,
		PARTCLR_MATTER,
		ATCH_FILE_ID,
		FRST_REGIST_PNTTM,
		FRST_REGISTER_ID,
		LAST_UPDT_PNTTM,
		LAST_UPDUSR_ID
		)VALUES( 
		#diaryId#,
		#schdulId#,
		#diaryProcsPte#,
		#diaryNm#,
		#drctMatter#,
		#partclrMatter#,
		#atchFileId#,
		sysdate,
		#frstRegisterId#,
		sysdate,
		#lastUpdusrId#
		)

	 ]]>
	</insert>


</sqlMap>