<?xml version="1.0" encoding="UTF-8"?>
<!DOCTYPE sqlMap PUBLIC "-//iBATIS.com//DTD SQL Map 2.0//EN" "http://www.ibatis.com/dtd/sql-map-2.dtd">
<!--
	수정일		수정자					수정내용
  =========     =======    =================================================
  2011.09.19       서준식 		HpcmManageDAO.selectHpcmList 등록일자 Character 타입으로 변경
  2011.09.29    서준식              HpcmManageDAO.selectHpcmListTotCnt 검색 조건 수정
-->
<sqlMap namespace="HpcmManage">

	<typeAlias  alias="egovMap" type="org.egovframe.rte.psl.dataaccess.util.EgovMap"/>
	<typeAlias  alias="HpcmManageSearchVO" type="egovframework.com.uss.olh.hpc.service.HpcmManageDefaultVO"/>	

	<resultMap id="HpcmManage" class="egovframework.com.uss.olh.hpc.service.HpcmManageVO">
		<result property="hpcmId" 				column="HPCM_ID" 				columnIndex="1"/>
		<result property="hpcmSeCode" 			column="HPCM_SE_CODE" 			columnIndex="2"/>
		<result property="hpcmSeCodeNm" 		column="HPCM_SE_CODE_NM" 		columnIndex="3"/>		
		<result property="hpcmDf" 				column="HPCM_DFN" 				columnIndex="4"/>
		<result property="hpcmDc" 				column="HPCM_DC" 				columnIndex="5"/>
		<result property="frstRegisterPnttm" 	column="FRST_REGIST_PNTTM" 		columnIndex="6"/>
		<result property="frstRegisterId" 		column="FRST_REGISTER_ID" 		columnIndex="7"/>
		<result property="lastUpdusrPnttm" 		column="LAST_UPDT_PNTTM" 		columnIndex="8"/>
		<result property="lastUpdusrId" 		column="LAST_UPDUSR_ID" 		columnIndex="9"/>				
	</resultMap>
	
	<select id="HpcmManageDAO.selectHpcmDetail" resultMap="HpcmManage">
		<![CDATA[		
			SELECT 	A.HPCM_ID,
					A.HPCM_SE_CODE,
					B.CODE_NM HPCM_SE_CODE_NM,
					A.HPCM_DFN,
					HPCM_DC,  
					DATE_FORMAT(A.FRST_REGIST_PNTTM,'%Y-%m-%d') FRST_REGIST_PNTTM,
					A.FRST_REGISTER_ID,
					DATE_FORMAT(A.LAST_UPDT_PNTTM,'%Y-%m-%d')   LAST_UPDT_PNTTM,
					A.LAST_UPDUSR_ID			 			  			 			  
			FROM	COMTNHPCMINFO	A
			LEFT OUTER JOIN COMTCCMMNDETAILCODE B
			ON		B.CODE_ID ='COM021' AND A.HPCM_SE_CODE = B.CODE                               							
			WHERE	HPCM_ID=#hpcmId#					
		]]>
	</select>
	
	<select id="HpcmManageDAO.selectHpcmList" parameterClass="HpcmManageSearchVO" resultClass="egovMap">
		<![CDATA[
			SELECT
				A.HPCM_ID,
				A.HPCM_SE_CODE,
				B.CODE_NM HPCM_SE_CODE_NM,
				A.HPCM_DFN 						HPCM_DF,
				HPCM_DC,
				DATE_FORMAT(A.FRST_REGIST_PNTTM,'%Y-%m-%d') FRST_REGIST_PNTTM,
				A.FRST_REGISTER_ID,
				DATE_FORMAT(A.LAST_UPDT_PNTTM,'%Y-%m-%d') LAST_UPDUSR_PNTTM,
				A.LAST_UPDUSR_ID
			FROM	COMTNHPCMINFO	A
			LEFT OUTER JOIN COMTCCMMNDETAILCODE B
			ON		B.CODE_ID ='COM021' AND A.HPCM_SE_CODE = B.CODE                               							                               			
			WHERE	1=1   			
		]]>					
			<isEqual prepend="AND" property="searchCondition" compareValue="hpcmSeCodeNm">
				<![CDATA[CODE_NM LIKE CONCAT('%', #searchKeyword#, '%')]]>
			</isEqual>
			<isEqual prepend="AND" property="searchCondition" compareValue="hpcmDf">
				<![CDATA[HPCM_DFN LIKE CONCAT('%', #searchKeyword#, '%')]]>
			</isEqual>
			ORDER BY HPCM_ID DESC			
			LIMIT  #recordCountPerPage# OFFSET #firstIndex#	
	</select>
	
	<select id="HpcmManageDAO.selectHpcmListTotCnt" parameterClass="HpcmManageSearchVO" resultClass="int">
		<![CDATA[
			SELECT 	COUNT(*) totcnt
			FROM 	COMTNHPCMINFO
			WHERE 	1=1
		]]>			
			<isEqual prepend="AND" property="searchCondition" compareValue="hpcmSeCodeNm">
				<![CDATA[CODE_NM LIKE CONCAT('%', #searchKeyword#, '%')]]>
			</isEqual>
			<isEqual prepend="AND" property="searchCondition" compareValue="hpcmDf">
				<![CDATA[HPCM_DFN LIKE CONCAT('%', #searchKeyword#, '%')]]>
			</isEqual>
	</select>
	
	<insert id="HpcmManageDAO.insertHpcmCn">	
		<![CDATA[	
			INSERT INTO COMTNHPCMINFO
				   (HPCM_ID
				  , HPCM_SE_CODE
				  , HPCM_DFN
				  , HPCM_DC
				  , FRST_REGIST_PNTTM 
				  , FRST_REGISTER_ID 
				  , LAST_UPDT_PNTTM 
				  , LAST_UPDUSR_ID) 
			VALUES ( #hpcmId#
				  , #hpcmSeCode#
				  , #hpcmDf#
				  , #hpcmDc#
				  , sysdate()
				  , #frstRegisterId#
				  , sysdate()
				  , #lastUpdusrId# )
		]]>
	</insert>
	
	<update id="HpcmManageDAO.updateHpcmCn">
		<![CDATA[
			UPDATE	COMTNHPCMINFO	SET
				    HPCM_ID=#hpcmId#
				  , HPCM_SE_CODE=#hpcmSeCode#
				  , HPCM_DFN=#hpcmDf#
				  , HPCM_DC=#hpcmDc#
				  , LAST_UPDT_PNTTM=sysdate()
				  , LAST_UPDUSR_ID=#lastUpdusrId#
 			WHERE  HPCM_ID=#hpcmId#
		]]>
	</update>
	
	<delete id="HpcmManageDAO.deleteHpcmCn">
		<![CDATA[
			DELETE FROM COMTNHPCMINFO 
			WHERE  HPCM_ID=#hpcmId#
		]]>
	</delete>
	
</sqlMap>
