<?xml version="1.0" encoding="UTF-8"?>
<!DOCTYPE sqlMap PUBLIC "-//iBATIS.com//DTD SQL Map 2.0//EN" "http://www.ibatis.com/dtd/sql-map-2.dtd">

<sqlMap namespace="AdressBookDAO">

	<typeAlias  alias="egovMap" type="org.egovframe.rte.psl.dataaccess.util.EgovMap"/>
	<typeAlias  alias="AdressBook" type="egovframework.com.cop.adb.service.AdressBook"/>
	<typeAlias  alias="AdressBookVO" type="egovframework.com.cop.adb.service.AdressBookVO"/>
	<typeAlias  alias="AdressBookUser" type="egovframework.com.cop.adb.service.AdressBookUser"/>
	<typeAlias  alias="AdressBookUserVO" type="egovframework.com.cop.adb.service.AdressBookUserVO"/>

	<resultMap id="ManInfs" class="egovframework.com.cop.adb.service.AdressBookUserVO">
		<result property="emplyrId" column="EMPLYR_ID" columnIndex="1"/>
		<result property="nm" column="USER_NM" columnIndex="2"/>
		<result property="emailAdres" column="EMAIL_ADRES" columnIndex="3"/>
		<result property="homeTelno" column="HOUSE_TELNO" columnIndex="4"/>
		<result property="moblphonNo" column="MBTLNUM" columnIndex="5"/>
		<result property="offmTelno" column="OFFM_TELNO" columnIndex="6"/>
		<result property="fxnum" column="FXNUM" columnIndex="7"/>
	</resultMap>

	<resultMap id="CardInfs" class="egovframework.com.cop.adb.service.AdressBookUserVO">
		<result property="ncrdId" column="NCRD_ID" columnIndex="1"/>
		<result property="nm" column="NM" columnIndex="2"/>
		<result property="emailAdres" column="EMAIL_ADRES" columnIndex="3"/>
		<result property="homeTelno" column="TELNO" columnIndex="4"/>
		<result property="moblphonNo" column="MBTLNUM" columnIndex="5"/>
	</resultMap>

	<resultMap id="AdressBookList" class="egovframework.com.cop.adb.service.AdressBookVO">
		<result property="adbkId" column="ADBK_ID" columnIndex="1"/>
		<result property="adbkNm" column="ADBK_NM" columnIndex="2"/>
		<result property="othbcScope" column="OTHBC_SCOPE" columnIndex="3"/>
		<result property="useAt" column="USE_AT" columnIndex="4"/>
		<result property="wrterId" column="WRTER_ID" columnIndex="5"/>
		<result property="trgetOrgnztId" column="TRGET_ORGNZT_ID" columnIndex="6"/>
		<result property="frstRegisterPnttm" column="FRST_REGIST_PNTTM" columnIndex="7"/>
	</resultMap>

	<resultMap id="AdressBookInf" class="egovframework.com.cop.adb.service.AdressBookVO">
		<result property="adbkId" column="ADBK_ID" columnIndex="1"/>
		<result property="adbkNm" column="ADBK_NM" columnIndex="2"/>
		<result property="othbcScope" column="OTHBC_SCOPE" columnIndex="3"/>
		<result property="useAt" column="USE_AT" columnIndex="4"/>
		<result property="wrterId" column="WRTER_ID" columnIndex="5"/>
	</resultMap>

	<resultMap id="User" class="egovframework.com.cop.adb.service.AdressBookUser">
		<result property="emplyrId" column="EMPLYR_ID" columnIndex="1"/>
		<result property="nm" column="USER_NM" columnIndex="2"/>
		<result property="emailAdres" column="EMAIL_ADRES" columnIndex="3"/>
		<result property="homeTelno" column="HOUSE_TELNO" columnIndex="4"/>
		<result property="moblphonNo" column="MBTLNUM" columnIndex="5"/>
		<result property="offmTelno" column="OFFM_TELNO" columnIndex="6"/>
		<result property="fxnum" column="FXNUM" columnIndex="7"/>
	</resultMap>

	<resultMap id="Card" class="egovframework.com.cop.adb.service.AdressBookUser">
		<result property="ncrdId" column="NCRD_ID" columnIndex="1"/>
		<result property="nm" column="NM" columnIndex="2"/>
		<result property="emailAdres" column="EMAIL_ADRES" columnIndex="3"/>
		<result property="homeTelno" column="TELNO" columnIndex="4"/>
		<result property="moblphonNo" column="MBTLNUM" columnIndex="5"/>
	</resultMap>

	<insert id="AdressBookDAO.insertAdressBook" parameterClass="AdressBookVO">
		<![CDATA[
			INSERT INTO COMTNADBKMANAGE
			(ADBK_ID, ADBK_NM, OTHBC_SCOPE, USE_AT, WRTER_ID, TRGET_ORGNZT_ID, FRST_REGIST_PNTTM,
			 LAST_UPDT_PNTTM, FRST_REGISTER_ID, LAST_UPDUSR_ID
			)
			VALUES
			( #adbkId#, #adbkNm#, #othbcScope#, #useAt#, #wrterId#,
			  #trgetOrgnztId#, SYSDATE(), SYSDATE(), #frstRegisterId#, #lastUpdusrId#
			)
		]]>
	</insert>

	<insert id="AdressBookDAO.insertAdressBookUser" parameterClass="AdressBookUser">
		<![CDATA[
			INSERT INTO COMTNADBK
			(ADBK_CONSTNT_ID, ADBK_ID, EMPLYR_ID, NCRD_ID, NM ,EMAIL_ADRES,
			 HOUSE_TELNO, MBTLNUM, OFFM_TELNO, FXNUM
			)
			VALUES
			( #adbkUserId#, #adbkId#, #emplyrId#, #ncrdId#, #nm#, #emailAdres#,
			  #homeTelno#,#moblphonNo#,#offmTelno#,#fxnum#
			)
		]]>
	</insert>

	<delete id="AdressBookDAO.deleteAdressBookUser" parameterClass="AdressBookUser">
		<![CDATA[
			DELETE from COMTNADBK
			where EMPLYR_ID = #emplyrId# AND NCRD_ID = #ncrdId# AND ADBK_ID = #adbkId#
		]]>
	</delete>

	<select id="AdressBookDAO.selectAdressBookList" parameterClass="AdressBookVO" resultMap="AdressBookList">
		<![CDATA[
			SELECT
				ADBK_ID, ADBK_NM, OTHBC_SCOPE, USE_AT, WRTER_ID, TRGET_ORGNZT_ID,
				FRST_REGIST_PNTTM
			FROM
				COMTNADBKMANAGE
			WHERE USE_AT = 'Y'
				AND( OTHBC_SCOPE = '회사	'
					OR WRTER_ID = #wrterId#
						OR (OTHBC_SCOPE = '부서'
							AND TRGET_ORGNZT_ID = #trgetOrgnztId#)	)

		]]>
			<isEqual prepend="AND" property="searchCnd" compareValue="0">
				<![CDATA[	ADBK_NM LIKE CONCAT ('%', #searchWrd#,'%')
									]]>
			</isEqual>
			<isEqual prepend="AND" property="searchCnd" compareValue="1">
				<![CDATA[	OTHBC_SCOPE LIKE CONCAT ('%', #searchWrd#,'%') 		]]>
			</isEqual>
			<isEqual prepend="AND" property="searchCnd" compareValue="2">
				<![CDATA[	WRTER_ID LIKE CONCAT ('%', #searchWrd#,'%') 		]]>
			</isEqual>
		<![CDATA[
			ORDER BY ADBK_NM
			LIMIT #recordCountPerPage# OFFSET #firstIndex#
		]]>
	</select>

	<update id="AdressBookDAO.updateAdressBook" parameterClass="AdressBookVO">
		<![CDATA[
			UPDATE COMTNADBKMANAGE SET
			 ADBK_NM = #adbkNm#, OTHBC_SCOPE = #othbcScope#, USE_AT = #useAt#,
			 LAST_UPDT_PNTTM = SYSDATE(),  LAST_UPDUSR_ID = #lastUpdusrId#
			WHERE
				ADBK_ID = #adbkId#
		]]>
	</update>

	<select id="AdressBookDAO.selectAdressBookListCnt" parameterClass="AdressBookVO" resultClass="java.lang.Integer">
		<![CDATA[
			SELECT COUNT(ADBK_ID)
			FROM
				COMTNADBKMANAGE
			WHERE USE_AT = 'Y'
				AND (OTHBC_SCOPE = '회사'
					OR WRTER_ID = #wrterId#
						OR (OTHBC_SCOPE = '부서'
							AND TRGET_ORGNZT_ID = #trgetOrgnztId#)	)


		]]>
			<isEqual prepend="AND" property="searchCnd" compareValue="0">
				<![CDATA[	ADBK_NM LIKE CONCAT ('%', #searchWrd#,'%') 		]]>
			</isEqual>
			<isEqual prepend="AND" property="searchCnd" compareValue="1">
				<![CDATA[	OTHBC_SCOPE LIKE CONCAT ('%', #searchWrd#,'%') 		]]>
			</isEqual>
			<isEqual prepend="AND" property="searchCnd" compareValue="2">
				<![CDATA[	WRTER_ID LIKE CONCAT ('%', #searchWrd#,'%') 		]]>
			</isEqual>

	</select>

	<select id="AdressBookDAO.selectManList" parameterClass="AdressBookUserVO" resultMap="ManInfs" >
 		<![CDATA[
			SELECT
				EMPLYR_ID, USER_NM, EMAIL_ADRES,
				concat(AREA_NO,'-',HOUSE_MIDDLE_TELNO,'-',HOUSE_END_TELNO)HOUSE_TELNO,
				MBTLNUM, OFFM_TELNO, FXNUM
			FROM
				COMTNEMPLYRINFO
			WHERE
				USER_NM LIKE CONCAT ('%', #searchWrd#,'%')
			UNION
			SELECT
				ENTRPRS_MBER_ID AS EMPLYR_ID,
				CMPNY_NM AS USER_NM,
				APPLCNT_EMAIL_ADRES AS EMAIL_ADRES,
				'' AS HOUSE_TELNO, '' AS MBTLNUM,
				concat(AREA_NO,'-',ENTRPRS_MIDDLE_TELNO,'-',ENTRPRS_END_TELNO)OFFM_TELNO,
				FXNUM
			FROM
				COMTNENTRPRSMBER
			WHERE
				CMPNY_NM LIKE CONCAT ('%', #searchWrd#,'%')
			UNION
			SELECT
				MBER_ID AS EMPLYR_ID,
				MBER_NM AS USER_NM,
				MBER_EMAIL_ADRES AS EMAIL_ADRES,
				concat(AREA_NO,'-',MIDDLE_TELNO,'-',END_TELNO)HOUSE_TELNO,
				MBTLNUM,
				'' AS OFFM_TELNO,
				MBER_FXNUM AS FXNUM
			FROM
				COMTNGNRLMBER
			WHERE
				 MBER_NM LIKE CONCAT ('%', #searchWrd#,'%')
 		]]>

		<![CDATA[
			ORDER BY USER_NM
			LIMIT #recordCountPerPage# OFFSET #firstIndex#
		]]>
 	</select>

 	<select id="AdressBookDAO.selectCardList" parameterClass="AdressBookUserVO" resultMap="CardInfs" >
 		<![CDATA[
			SELECT
				NCRD_ID, NM,  EMAIL_ADRES, TELNO, MBTLNUM
			FROM
				COMTNNCRD
			WHERE 1=1
				AND NM LIKE CONCAT ('%', #searchWrd#,'%')
 		]]>

		<![CDATA[
			ORDER BY NM
			LIMIT #recordCountPerPage# OFFSET #firstIndex#
		]]>
 	</select>

 	<select id="AdressBookDAO.selectUserList" parameterClass="AdressBookVO" resultClass ="AdressBookUserVO" >
 		<![CDATA[
		SELECT
				ADBK_CONSTNT_ID As adbkUserId,
     			ADBK_ID As adbkId,
   				EMPLYR_ID As emplyrId,
   				NCRD_ID As ncrdId,
   				NM As nm,
  				EMAIL_ADRES As emailAdres,
  				HOUSE_TELNO As homeTelno,
  				MBTLNUM As moblphonNo,
  				OFFM_TELNO As offmTelno,
  				FXNUM As fxnum
			FROM
				COMTNADBK
			WHERE ADBK_ID = #adbkId#
 		]]>
 	</select>

	<select id="AdressBookDAO.selectManListCnt" parameterClass="AdressBookUserVO" resultClass="java.lang.Integer" >
		<![CDATA[
			SELECT (
				SELECT 	COUNT(USER_NM)
				FROM COMTNEMPLYRINFO
				WHERE USER_NM LIKE CONCAT ('%', #searchWrd#,'%') )
			    + (
				SELECT 	COUNT(CMPNY_NM)
				FROM COMTNENTRPRSMBER
				WHERE CMPNY_NM LIKE CONCAT ('%', #searchWrd#,'%') )
				+ (
				SELECT 	COUNT(MBER_NM)
				FROM COMTNGNRLMBER
				WHERE MBER_NM LIKE CONCAT ('%', #searchWrd#,'%') ) as cnt
		]]>

	</select>

	<select id="AdressBookDAO.selectCardListCnt" parameterClass="AdressBookUserVO" resultClass="java.lang.Integer" >
		<![CDATA[
			SELECT
				COUNT(NM)
			FROM
				COMTNNCRD
			WHERE 1=1
				AND NM LIKE CONCAT ('%', #searchWrd#,'%')
		]]>

	</select>

	<select id="AdressBookDAO.selectAdressBook" parameterClass="AdressBookVO" resultMap="AdressBookInf">
		<![CDATA[
			SELECT
				ADBK_ID, ADBK_NM, OTHBC_SCOPE, USE_AT, WRTER_ID
			FROM
				COMTNADBKMANAGE
			WHERE
				ADBK_ID = #adbkId#
		]]>
	</select>

		<select id="AdressBookDAO.selectUserCnt" parameterClass="AdressBookUserVO" resultClass="java.lang.Integer" >
		<![CDATA[
			SELECT
				COUNT(ADBK_NM)
			FROM
				COMTNADBK
			WHERE  EMPLYR_ID = #emplyrId#
				AND NCRD_ID = #ncrdId#
				AND ADBK_ID = #adbkId#
		]]>

	</select>

	<select id="AdressBookDAO.selectManUser" parameterClass="java.lang.String" resultMap="User">
		<![CDATA[
			SELECT
				EMPLYR_ID, USER_NM, EMAIL_ADRES,
				concat(AREA_NO,'-',HOUSE_MIDDLE_TELNO,'-',HOUSE_END_TELNO)HOUSE_TELNO,
				MBTLNUM, OFFM_TELNO, FXNUM
			FROM
				COMTNEMPLYRINFO
			WHERE
				EMPLYR_ID = #id#
			UNION
			SELECT
				ENTRPRS_MBER_ID AS EMPLYR_ID,
				CMPNY_NM AS USER_NM,
				APPLCNT_EMAIL_ADRES AS EMAIL_ADRES,
				'' AS HOUSE_TELNO, '' AS MBTLNUM,
				concat(AREA_NO,'-',ENTRPRS_MIDDLE_TELNO,'-',ENTRPRS_END_TELNO)OFFM_TELNO,
				FXNUM
			FROM
				COMTNENTRPRSMBER
			WHERE
				ENTRPRS_MBER_ID = #id#
			UNION
			SELECT
				MBER_ID AS EMPLYR_ID,
				MBER_NM AS USER_NM,
				MBER_EMAIL_ADRES AS EMAIL_ADRES,
				concat(AREA_NO,'-',MIDDLE_TELNO,'-',END_TELNO)HOUSE_TELNO,
				MBTLNUM,
				'' AS OFFM_TELNO,
				MBER_FXNUM AS FXNUM
			FROM
				COMTNGNRLMBER
			WHERE
				 MBER_ID = #id#
		]]>
	</select>

	<select id="AdressBookDAO.selectCardUser" parameterClass="java.lang.String" resultMap="Card">
		<![CDATA[
			SELECT
				NCRD_ID, NM, EMAIL_ADRES, TELNO, MBTLNUM
			FROM
				COMTNNCRD
			WHERE
				NCRD_ID = #id#
		]]>
	</select>

</sqlMap>