<?xml version="1.0" encoding="UTF-8"?>
<!DOCTYPE sqlMap PUBLIC "-//ibatis.apache.org//DTD SQL Map 2.0//EN" "http://ibatis.apache.org/dtd/sql-map-2.dtd">
<!-- 
	수정일                 수정자                          수정내용
  =========     =======    =================================================
  2011.9.08   	서준식     	 	게시물 목록 조회시 등록자가 COMTNEMPLYRINFO 테이블과 Join 되어 업무 사용자만 표시되는 문제
  							가 발생하여  COMVNUSERMASTER 뷰와 Join 변경으로 해결
  2011.10.05    서준식               보안 취약점 점검사항 반영 $->#변경	
-->
<sqlMap namespace="OnlineManual">

	<typeAlias  alias="egovMap" type="org.egovframe.rte.psl.dataaccess.util.EgovMap"/>
	<typeAlias  alias="comDefaultVO" type="egovframework.com.cmm.ComDefaultVO"/>
	<typeAlias  alias="OnlineManual" type="egovframework.com.uss.olh.omm.service.OnlineManual" />

	<!-- 온라인메뉴얼::ResultMap 선언 -->
	<resultMap id="OnlineManualVO" class="egovframework.com.uss.olh.omm.service.OnlineManual">
		<result property="onlineMnlId" 		column="ONLINE_MNL_ID" 			columnIndex="1"/>
		<result property="onlineMnlNm" 		column="ONLINE_MNL_Nm" 			columnIndex="2"/>
		<result property="onlineMnlSeCode" 	column="ONLINE_MNL_SE_CODE" 	columnIndex="3"/>
		<result property="onlineMnlDf" 		column="ONLINE_MNL_DFN" 			columnIndex="4"/>
		<result property="onlineMnlDc" 		column="ONLINE_MNL_DC" 			columnIndex="5"/>
		<result property="frstRegisterPnttm" 	column="FRST_REGIST_PNTTM" 	columnIndex="6"/>
		<result property="frstRegisterId" 		column="FRST_REGISTER_ID" 		columnIndex="7"/>
		<result property="lastUpdusrPnttm" 		column="LAST_UPDT_PNTTM" 		columnIndex="8"/>
		<result property="lastUpdusrId" 		column="LAST_UPDUSR_ID" 		columnIndex="9"/>
	</resultMap>

	<!-- 온라인메뉴얼::목록조회 게시물정보 -->
	<select id="OnlineManual.selectOnlineManual" parameterClass="comDefaultVO" resultClass="egovMap">
	<![CDATA[
	SELECT *
	FROM (
	SELECT T0.*, ROWNUM RNUM
		FROM (
	]]>
	 <![CDATA[
		SELECT
		A.ONLINE_MNL_ID,
		A.ONLINE_MNL_NM,
		A.ONLINE_MNL_SE_CODE,
		A.ONLINE_MNL_DFN,
		A.ONLINE_MNL_DC,
		A.FRST_REGISTER_ID,
		TO_CHAR(A.FRST_REGIST_PNTTM,'YYYY-MM-DD') FRST_REGISTER_PNTTM,
		(SELECT USER_NM FROM COMVNUSERMASTER WHERE ESNTL_ID = A.FRST_REGISTER_ID) FRST_REGISTER_NM
		FROM COMTNONLINEMANUAL A
		WHERE 1=1
	 ]]>
	 <isNotEmpty property="searchKeyword">
	 	<isNotEqual property="searchKeyword" compareValue="">

			<isEqual property="searchCondition" compareValue="ONLINE_MNL_NM">
 				AND ONLINE_MNL_NM LIKE '%' || #searchKeyword# || '%'
 			</isEqual>
 			<isEqual property="searchCondition" compareValue="ONLINE_MNL_DFN">
 				AND ONLINE_MNL_DFN LIKE '%' || #searchKeyword# || '%'
 			</isEqual>
 			<isEqual property="searchCondition" compareValue="ONLINE_MNL_DC">
 				AND ONLINE_MNL_DC LIKE '%' || #searchKeyword# || '%'
 			</isEqual>

	 	</isNotEqual>
	 </isNotEmpty>
	 <![CDATA[
		ORDER BY A.FRST_REGIST_PNTTM DESC
	]]>
	<![CDATA[
		) T0
	) Z
	WHERE RNUM BETWEEN #firstIndex# + 1 AND #firstIndex# + #recordCountPerPage#
	]]>
	</select>
	<!-- 온라인메뉴얼::목록조회_게시물 총갯수  -->
	<select id="OnlineManual.selectOnlineManualCnt" parameterClass="comDefaultVO" resultClass="int">
		SELECT
		COUNT(*) totcnt
		FROM COMTNONLINEMANUAL
		WHERE 1=1
	 <isNotEmpty property="searchKeyword">
	 	<isNotEqual property="searchKeyword" compareValue="">
	 		<isEqual property="searchCondition" compareValue="ONLINE_MNL_NM">
 				AND ONLINE_MNL_NM LIKE '%' || #searchKeyword# || '%'
 			</isEqual>
 			<isEqual property="searchCondition" compareValue="ONLINE_MNL_DFN">
 				AND ONLINE_MNL_DFN LIKE '%' || #searchKeyword# || '%'
 			</isEqual>
 			<isEqual property="searchCondition" compareValue="ONLINE_MNL_DC">
 				AND ONLINE_MNL_DC LIKE '%' || #searchKeyword# || '%'
 			</isEqual>
	 	</isNotEqual>
	 </isNotEmpty>
	</select>

    <!-- 온라인메뉴얼::삭제  -->
	<delete id="OnlineManual.deleteOnlineManual">
		<![CDATA[
			DELETE FROM COMTNONLINEMANUAL
			WHERE ONLINE_MNL_ID=#onlineMnlId#
		]]>
	</delete>

	<!-- 온라인메뉴얼::수정  -->
	<update id="OnlineManual.updateOnlineManual">
 <![CDATA[
	UPDATE COMTNONLINEMANUAL
	SET
		ONLINE_MNL_NM = #onlineMnlNm#,
		ONLINE_MNL_SE_CODE = #onlineMnlSeCode#,
		ONLINE_MNL_DFN = #onlineMnlDf#,
		ONLINE_MNL_DC = #onlineMnlDc#,
		LAST_UPDT_PNTTM = SYSDATETIME,
		LAST_UPDUSR_ID = #lastUpdusrId#
	WHERE ONLINE_MNL_ID=#onlineMnlId#

 ]]>
	</update>

	<!-- 온라인메뉴얼::상세보기 -->
	<select id="OnlineManual.selectOnlineManualDetail" resultMap="OnlineManualVO">
		SELECT
			A.ONLINE_MNL_ID,
			A.ONLINE_MNL_NM,
			A.ONLINE_MNL_SE_CODE,
			A.ONLINE_MNL_DFN,
			A.ONLINE_MNL_DC,
			A.FRST_REGIST_PNTTM,
			A.FRST_REGISTER_ID,
			A.LAST_UPDT_PNTTM,
			A.LAST_UPDUSR_ID
		FROM COMTNONLINEMANUAL A
		WHERE 1=1
		AND A.ONLINE_MNL_ID=#onlineMnlId#
	</select>

	<!-- 온라인메뉴얼::입력  -->
	<insert id="OnlineManual.insertOnlineManual">
	 <![CDATA[

	INSERT INTO COMTNONLINEMANUAL (
		ONLINE_MNL_ID,
		ONLINE_MNL_NM,
		ONLINE_MNL_SE_CODE,
		ONLINE_MNL_DFN,
		ONLINE_MNL_DC,
		FRST_REGIST_PNTTM,
		FRST_REGISTER_ID,
		LAST_UPDT_PNTTM,
		LAST_UPDUSR_ID
	)VALUES(
		#onlineMnlId#,
		#onlineMnlNm#,
		#onlineMnlSeCode#,
		#onlineMnlDf#,
		#onlineMnlDc#,
		SYSDATETIME,
		#frstRegisterId#,
		SYSDATETIME,
		#lastUpdusrId#
	)
	 ]]>
	</insert>

</sqlMap>