<?xml version="1.0" encoding="UTF-8"?>

<!DOCTYPE sqlMap PUBLIC "-//ibatis.apache.org//DTD SQL Map 2.0//EN" "http://ibatis.apache.org/dtd/sql-map-2.dtd">
<!--
	수정일      수정자                          수정내용
  =========     =======    =================================================
  2011.8.24   	이기하     	 	테이블 표준화에 따른 수정사항 반영
  							resultMap 사용
  							BRTHDY 를			 		BRTH 로 변경
  							FRST_REGIST_PNTTM 를	 	FRST_REGISTER_PNTTM 로 변경
  2011.10.06	이기하     	보안 취약점 점검사항 반영 $->#변경
-->
<sqlMap namespace="EventCmpgn">

	<typeAlias  alias="egovMap" type="org.egovframe.rte.psl.dataaccess.util.EgovMap"/>
	<typeAlias  alias="comDefaultVO" type="egovframework.com.cmm.ComDefaultVO"/>
	<typeAlias  alias="EventCmpgn" type="egovframework.com.uss.ion.ecc.service.EventCmpgnVO"/>
	<typeAlias  alias="TnextrlHrInfo" type="egovframework.com.uss.ion.ecc.service.TnextrlHrInfoVO"/>

	<resultMap id="EventCmpgnListMap" class="java.util.HashMap">
		<result property="eventId" 				column="EVENT_ID" />
		<result property="eventSvcBeginDe" 		column="EVENT_SVC_BGNDE" />
		<result property="svcUseNmprCo" 		column="SVC_USE_NMPR_CO" />
		<result property="chargerNm" 			column="CHARGER_NM" />
		<result property="eventCn" 				column="EVENT_CN" />
		<result property="frstRegisterNm" 		column="FRST_REGISTER_NM" />
		<result property="frstRegisterPnttm" 	column="FRST_REGIST_PNTTM" />
		<result property="frstRegisterId" 		column="FRST_REGISTER_ID" />
		<result property="lastUpdusrPnttm" 		column="LAST_UPDT_PNTTM" />
		<result property="lastUpdusrId" 		column="LAST_UPDUSR_ID" />
		<result property="eventSvcEndDe" 		column="EVENT_SVC_ENDDE" />
		<result property="eventTyCode" 			column="EVENT_TY_CODE" />
		<result property="prparetgCn" 			column="PRPARETG_CN" />
	</resultMap>

	<resultMap id="EventCmpgnDetailMap" class="java.util.HashMap">
		<result property="eventId" 				column="EVENT_ID" />
		<result property="eventSvcBeginDe" 		column="EVENT_SVC_BGNDE" />
		<result property="svcUseNmprCo" 		column="SVC_USE_NMPR_CO" />
		<result property="chargerNm" 			column="CHARGER_NM" />
		<result property="eventCn" 				column="EVENT_CN" />
		<result property="eventConfmAt" 		column="EVENT_CONFM_AT" />
		<result property="eventConfmDe" 		column="EVENT_CONFM_DE" />
		<result property="frstRegisterPnttm" 	column="FRST_REGIST_PNTTM" />
		<result property="frstRegisterId" 		column="FRST_REGISTER_ID" />
		<result property="lastUpdusrPnttm" 		column="LAST_UPDT_PNTTM" />
		<result property="lastUpdusrId" 		column="LAST_UPDUSR_ID" />
		<result property="eventSvcEndDe" 		column="EVENT_SVC_ENDDE" />
		<result property="eventTyCode" 			column="EVENT_TY_CODE" />
		<result property="prparetgCn" 			column="PRPARETG_CN" />
	</resultMap>

	<delete id="EventCmpgn.deleteEventCmpgnTnextrlHrInfo">
		<![CDATA[
			DELETE FROM COMTNEXTRLHRINFO
			WHERE EVENT_ID = #eventId#
		]]>
	</delete>

	<delete id="EventCmpgn.deleteEventCmpgn">
		<![CDATA[
			DELETE FROM COMTNEVENTINFO
			WHERE EVENT_ID = #eventId#
		]]>
	</delete>

	<update id="EventCmpgn.updateEventCmpgn">
		UPDATE COMTNEVENTINFO
		SET
			EVENT_SVC_BGNDE=REPLACE(#eventSvcBeginDe#,'-',''),
			SVC_USE_NMPR_CO=#svcUseNmprCo#,
			CHARGER_NM=#chargerNm#,
			EVENT_CN=#eventCn#,
			LAST_UPDT_PNTTM=SYSDATETIME,
			LAST_UPDUSR_ID=#lastUpdusrId#,
			EVENT_SVC_ENDDE=REPLACE(#eventSvcEndDe#,'-',''),
			EVENT_TY_CODE=#eventTyCode#,
			EVENT_CONFM_AT=#eventConfmAt#,
			EVENT_CONFM_DE=REPLACE(#eventConfmDe#,'-',''),
			PRPARETG_CN=#prparetgCn#
		WHERE EVENT_ID = #eventId#
	</update>

	<select id="EventCmpgn.selectEventCmpgnDetail" parameterClass="EventCmpgn" resultClass="egovMap" resultMap="EventCmpgnDetailMap">
		SELECT
			EVENT_ID,
			TO_CHAR(TO_DATE(EVENT_SVC_BGNDE, 'YYYYMMDD'),'YYYY-MM-DD') EVENT_SVC_BGNDE,
			SVC_USE_NMPR_CO,
			CHARGER_NM,
			EVENT_CN,
			EVENT_CONFM_AT,
			TO_CHAR(TO_DATE(EVENT_CONFM_DE, 'YYYYMMDD'),'YYYY-MM-DD') EVENT_CONFM_DE,
			FRST_REGIST_PNTTM,
			FRST_REGISTER_ID,
			LAST_UPDT_PNTTM,
			LAST_UPDUSR_ID,
			TO_CHAR(TO_DATE(EVENT_SVC_ENDDE, 'YYYYMMDD'),'YYYY-MM-DD') EVENT_SVC_ENDDE,
			EVENT_TY_CODE,
			PRPARETG_CN
			FROM COMTNEVENTINFO
		WHERE 1=1
		AND EVENT_ID = #eventId#
	</select>

	<select id="EventCmpgn.selectEventCmpgn" parameterClass="comDefaultVO" resultClass="egovMap" resultMap="EventCmpgnListMap" >
	<![CDATA[
	SELECT *
	FROM (
	SELECT T0.*, ROWNUM RNUM
		FROM (
	]]>
	 <![CDATA[
		SELECT
			A.EVENT_ID,
			TO_CHAR(TO_DATE(A.EVENT_SVC_BGNDE, 'YYYYMMDD'),'YYYY-MM-DD') EVENT_SVC_BGNDE,
			A.SVC_USE_NMPR_CO,
			A.CHARGER_NM,
			A.EVENT_CN,
			A.FRST_REGIST_PNTTM,
			A.FRST_REGISTER_ID,
			(SELECT USER_NM FROM COMTNEMPLYRINFO WHERE ESNTL_ID = A.FRST_REGISTER_ID) FRST_REGISTER_NM,
			A.LAST_UPDT_PNTTM,
			A.LAST_UPDUSR_ID,
			TO_CHAR(TO_DATE(A.EVENT_SVC_ENDDE, 'YYYYMMDD'),'YYYY-MM-DD') EVENT_SVC_ENDDE,
			A.EVENT_TY_CODE,
			A.PRPARETG_CN
		FROM COMTNEVENTINFO A
		WHERE 1=1
	 ]]>
	 <isNotEmpty property="searchKeyword">
	 	<isNotEqual property="searchKeyword" compareValue="">
		 	<isNotEqual property="searchCondition" compareValue="FRST_REGISTER_ID">
		 		<isEqual property="searchCondition" compareValue="EVENT_CN">
				AND EVENT_CN LIKE '%' || #searchKeyword# || '%'
		 		</isEqual>
		 	</isNotEqual>
		 	<isEqual property="searchCondition" compareValue="FRST_REGISTER_ID">
		 		AND  FRST_REGISTER_ID IN (SELECT ESNTL_ID FROM COMTNEMPLYRINFO WHERE USER_NM LIKE '%' || #searchKeyword# || '%' )
		 	</isEqual>
	 	</isNotEqual>
	 </isNotEmpty>

	 <![CDATA[
		ORDER BY A.FRST_REGIST_PNTTM DESC
	]]>
	<![CDATA[
		) T0
	) Z
	WHERE RNUM BETWEEN #firstIndex# + 1 AND #firstIndex# + #recordCountPerPage#
	]]>
	</select>

	<select id="EventCmpgn.selectEventCmpgnCnt" parameterClass="comDefaultVO" resultClass="int">
		SELECT
		COUNT(*) totcnt
		FROM COMTNEVENTINFO
		WHERE 1=1
	 <isNotEmpty property="searchKeyword">
	 	<isNotEqual property="searchKeyword" compareValue="">
	 	<isNotEqual property="searchCondition" compareValue="FRST_REGISTER_ID">
	 		<isEqual property="searchCondition" compareValue="EVENT_CN">
			AND EVENT_CN LIKE '%' || #searchKeyword# || '%'
	 		</isEqual>
	 	</isNotEqual>
	 	<isEqual property="searchCondition" compareValue="FRST_REGISTER_ID">
	 		AND  FRST_REGISTER_ID IN (SELECT ESNTL_ID FROM COMTNEMPLYRINFO WHERE USER_NM LIKE '%' || #searchKeyword# || '%' )
	 	</isEqual>
	 	</isNotEqual>
	 </isNotEmpty>

	</select>

	<insert id="EventCmpgn.insertEventCmpgn">
	 <![CDATA[

	INSERT INTO COMTNEVENTINFO (
		EVENT_ID,
		EVENT_SVC_BGNDE,
		SVC_USE_NMPR_CO,
		CHARGER_NM,
		EVENT_CN,
		EVENT_SVC_ENDDE,
		EVENT_TY_CODE,
		PRPARETG_CN,
		EVENT_CONFM_AT,
		EVENT_CONFM_DE,
		FRST_REGIST_PNTTM,
		FRST_REGISTER_ID,
		LAST_UPDT_PNTTM,
		LAST_UPDUSR_ID
	)VALUES(
		#eventId#,
		REPLACE(#eventSvcBeginDe#,'-',''),
		#svcUseNmprCo#,
		#chargerNm#,
		#eventCn#,
		REPLACE(#eventSvcEndDe#,'-',''),
		#eventTyCode#,
		#prparetgCn#,
		#eventConfmAt#,
		REPLACE(#eventConfmDe#,'-',''),
		SYSDATETIME,
		#frstRegisterId#,
		SYSDATETIME,
		#lastUpdusrId#
	)

	 ]]>
	</insert>

	<delete id="EventCmpgn.deleteTnextrlHrInfo">
		<![CDATA[
			DELETE FROM COMTNEXTRLHRINFO
			WHERE EXTRL_HR_ID = #extrlHrId#
		]]>
	</delete>

	<update id="EventCmpgn.updateTnextrlHrInfo">
		UPDATE COMTNEXTRLHRINFO
		SET
		SEXDSTN_CODE=#sexdstnCode#,
		EXTRL_HR_NM=#extrlHrNm#,
		AREA_NO=#areaNo#,
		MIDDLE_TELNO=#middleTelno#,
		END_TELNO=#endTelno#,
		EMAIL_ADRES=#emailAdres#,
		OCCP_TY_CODE=#occpTyCode#,
		BRTHDY=#brth#,
		PSITN_INSTT_NM=#psitnInsttNm#,
		LAST_UPDT_PNTTM = SYSDATETIME,
		LAST_UPDUSR_ID = #lastUpdusrId#
		WHERE EXTRL_HR_ID = #extrlHrId#
	</update>

	<select id="EventCmpgn.selectTnextrlHrInfoDetail" parameterClass="TnextrlHrInfo" resultClass="egovMap">
		SELECT
		A.EXTRL_HR_ID,
		A.EVENT_ID,
		(SELECT EVENT_CN FROM COMTNEVENTINFO WHERE EVENT_ID=A.EVENT_ID ) EVENT_CN,
		A.SEXDSTN_CODE,
		A.EXTRL_HR_NM,
		A.AREA_NO,
		A.MIDDLE_TELNO,
		A.END_TELNO,
		A.EMAIL_ADRES,
		A.FRST_REGIST_PNTTM,
		A.FRST_REGISTER_ID,
		A.LAST_UPDT_PNTTM,
		A.LAST_UPDUSR_ID,
		A.OCCP_TY_CODE,
		A.BRTHDY			BRTH,
		A.PSITN_INSTT_NM
		FROM COMTNEXTRLHRINFO A
		WHERE 1=1
		AND A.EXTRL_HR_ID = #extrlHrId#
	</select>

	<select id="EventCmpgn.selectTnextrlHrInfo" parameterClass="comDefaultVO" resultClass="egovMap">
	<![CDATA[
	SELECT *
	FROM (
	SELECT T0.*, ROWNUM RNUM
		FROM (
	]]>
	 <![CDATA[
		SELECT
			A.SEXDSTN_CODE,
			A.EXTRL_HR_NM,
			A.EMAIL_ADRES,
			A.OCCP_TY_CODE,
			A.PSITN_INSTT_NM,
			A.EXTRL_HR_ID,
			A.EVENT_ID,
			A.BRTHDY,
			A.AREA_NO,
			A.MIDDLE_TELNO,
			A.END_TELNO,
			A.FRST_REGIST_PNTTM		FRST_REGISTER_PNTTM,
			A.FRST_REGISTER_ID,
			(SELECT USER_NM FROM COMTNEMPLYRINFO WHERE ESNTL_ID = A.FRST_REGISTER_ID) FRST_REGISTER_NM,
			A.LAST_UPDT_PNTTM,
			A.LAST_UPDUSR_ID
		FROM COMTNEXTRLHRINFO A
		WHERE 1=1
	 ]]>
	 <isNotEmpty property="searchKeyword">
	 	<isNotEqual property="searchKeyword" compareValue="">
	 		<isEqual property="searchCondition" compareValue="EXTRL_HR_NM">
	 		AND EXTRL_HR_NM LIKE '%' || #searchKeyword# || '%'
	 		</isEqual>
	 		<isEqual property="searchCondition" compareValue="PSITN_INSTT_NM">
	 		AND PSITN_INSTT_NM LIKE '%' || #searchKeyword# || '%'
	 		</isEqual>
	 	</isNotEqual>
	 </isNotEmpty>
	 <![CDATA[
		ORDER BY A.FRST_REGIST_PNTTM DESC
	]]>
	<![CDATA[

		) T0
	) Z
	WHERE RNUM BETWEEN #firstIndex# + 1 AND #firstIndex# + #recordCountPerPage#
	]]>
	</select>

	<select id="EventCmpgn.selectTnextrlHrInfoCnt" parameterClass="comDefaultVO" resultClass="int">
		SELECT
		COUNT(*) totcnt
		FROM COMTNEXTRLHRINFO
		WHERE 1=1
	 <isNotEmpty property="searchKeyword">
	 	<isNotEqual property="searchKeyword" compareValue="">
	 		<isEqual property="searchCondition" compareValue="EXTRL_HR_NM">
	 		AND EXTRL_HR_NM LIKE '%' || #searchKeyword# || '%'
	 		</isEqual>
	 		<isEqual property="searchCondition" compareValue="PSITN_INSTT_NM">
	 		AND PSITN_INSTT_NM LIKE '%' || #searchKeyword# || '%'
	 		</isEqual>
	 	</isNotEqual>
	 </isNotEmpty>
	</select>

	<insert id="EventCmpgn.insertTnextrlHrInfo">
	 <![CDATA[
		INSERT INTO COMTNEXTRLHRINFO (
			EVENT_ID,
			EXTRL_HR_ID,
			SEXDSTN_CODE,
			EXTRL_HR_NM,
			AREA_NO,
			MIDDLE_TELNO,
			END_TELNO,
			EMAIL_ADRES,
			OCCP_TY_CODE,
			BRTHDY,
			PSITN_INSTT_NM,
			FRST_REGIST_PNTTM,
			FRST_REGISTER_ID,
			LAST_UPDT_PNTTM,
			LAST_UPDUSR_ID
		)VALUES(
			#eventId#,
			#extrlHrId#,
			#sexdstnCode#,
			#extrlHrNm#,
			#areaNo#,
			#middleTelno#,
			#endTelno#,
			#emailAdres#,
			#occpTyCode#,
			#brth#,
			#psitnInsttNm#,
			SYSDATETIME,
			#frstRegisterId#,
			SYSDATETIME,
			#lastUpdusrId#
		)
	 ]]>
	</insert>

</sqlMap>