<?xml version="1.0" encoding="UTF-8"?>
<!DOCTYPE mapper PUBLIC "-//mybatis.org//DTD Mapper 3.0//EN" "http://mybatis.org/dtd/mybatis-3-mapper.dtd">

<mapper namespace="ClubManageDAO">

	<resultMap id="ClubList" type="egovframework.com.cop.clb.service.ClubVO">
		<result property="clbId" column="CLB_ID"/>
		<result property="clbNm" column="CLB_NM"/>
		<result property="cmmntyId" column="CMMNTY_ID"/>
		<result property="cmmntyNm" column="CMMNTY_NM"/>
		<result property="useAt" column="USE_AT"/>
		<result property="frstRegisterId" column="FRST_REGISTER_ID"/>
		<result property="frstRegisterNm" column="FRST_REGISTER_NM"/>
		<result property="frstRegisterPnttm" column="FRST_REGIST_PNTTM"/>
		<result property="clbIntrcn" column="CLB_INTRCN"/>
	</resultMap>
	
	<resultMap id="ClubDetail" type="egovframework.com.cop.clb.service.ClubVO">
		<result property="clbId" column="CLB_ID"/>
		<result property="clbNm" column="CLB_NM"/>
		<result property="clbIntrcn" column="CLB_INTRCN"/>
		<result property="cmmntyId" column="CMMNTY_ID"/>
		<result property="cmmntyNm" column="CMMNTY_NM"/>				
		<result property="useAt" column="USE_AT"/>		
		<result property="tmplatId" column="TMPLAT_ID"/>
		<result property="tmplatNm" column="TMPLAT_NM"/>		
		<result property="frstRegisterId" column="FRST_REGISTER_ID"/>
		<result property="frstRegisterNm" column="FRST_REGISTER_NM"/>
		<result property="frstRegisterPnttm" column="FRST_REGIST_PNTTM"/>
	</resultMap>	

	<resultMap id="ClubListPortletByTrget" type="egovframework.com.cop.clb.service.ClubVO">
		<result property="clbId" column="CLB_ID"/>
		<result property="clbNm" column="CLB_NM"/>
		<result property="cmmntyId" column="CMMNTY_ID"/>
		<result property="tmplatId" column="TMPLAT_ID"/>
		<result property="clbIntrcn" column="CLB_INTRCN"/>
	</resultMap>	

	<resultMap id="ClubListPortlet" type="egovframework.com.cop.clb.service.ClubVO">
		<result property="clbId" column="CLB_ID"/>
		<result property="clbNm" column="CLB_NM"/>
		<result property="cmmntyId" column="CMMNTY_ID"/>
		<result property="tmplatId" column="TMPLAT_ID"/>
		<result property="clbIntrcn" column="CLB_INTRCN"/>
		<result property="cmmntyNm" column="CMMNTY_NM"/>
	</resultMap>	

	<resultMap id="ClubBBSUseList" type="egovframework.com.cop.clb.service.ClubVO">
		<result property="bbsId" column="BBS_ID"/>
		<result property="bbsNm" column="BBS_NM"/>
	</resultMap>	

	<resultMap id="CmmntyDetail" type="egovframework.com.cop.clb.service.ClubVO">
	    <result property="cmmntyId" column="CMMNTY_ID"/>
		<result property="cmmntyNm" column="CMMNTY_NM"/>				
	</resultMap>

	<resultMap id="ClubUserInf" type="egovframework.com.cop.clb.service.ClubUser">
	    <result property="oprtrAt" column="OPRTR_AT"/>
		<result property="useAt" column="USE_AT"/>				
	</resultMap>
	
	<resultMap id="ClubOperatorInf" type="egovframework.com.cop.clb.service.ClubUser">
	    <result property="emplyrId" column="EMPLYR_ID"/>
		<result property="emplyrNm" column="USER_NM"/>				
	</resultMap>
	
	<insert id="insertClubInf" parameterType="egovframework.com.cop.clb.service.Club">
		<![CDATA[
			INSERT INTO COMTNCLUB
			(CLB_ID, CMMNTY_ID, CLB_NM, CLB_INTRCN, REGIST_SE_CODE, 
			 TMPLAT_ID, USE_AT, FRST_REGISTER_ID, FRST_REGIST_PNTTM)
			VALUES
			(#{clbId}, #{cmmntyId}, #{clbNm}, #{clbIntrcn}, #{registSeCode}, 
			 #{tmplatId}, #{useAt}, #{frstRegisterId}, SYSDATE())
		]]>
	</insert>

	<insert id="insertClubUserInf" parameterType="egovframework.com.cop.clb.service.ClubUser">
		<![CDATA[
			INSERT INTO COMTNCLUBUSER
			(CLB_ID, CMMNTY_ID, EMPLYR_ID, SBSCRB_DE, OPRTR_AT, 
			 USE_AT, FRST_REGISTER_ID, FRST_REGIST_PNTTM)
			VALUES
			(#{clbId}, #{cmmntyId}, #{emplyrId}, SYSDATE(), #{oprtrAt}, 
			 #{useAt}, #{frstRegisterId}, SYSDATE())		
		]]>
	</insert>

	<select id="selectClubInfs" parameterType="egovframework.com.cop.clb.service.ClubVO" resultMap="ClubList" >
		<![CDATA[
			SELECT 
				a.CLB_ID, a.CMMNTY_ID, a.CLB_NM, c.CMMNTY_NM, a.USE_AT, 
				a.FRST_REGIST_PNTTM, a.FRST_REGISTER_ID, 
				b.USER_NM as FRST_REGISTER_NM, a.CLB_INTRCN as CLB_INTRCN
			FROM
				COMTNCLUB a
			LEFT OUTER JOIN COMVNUSERMASTER b
			ON a.FRST_REGISTER_ID = b.ESNTL_ID
			LEFT OUTER JOIN COMTNCMMNTY c
			ON a.CMMNTY_ID = c.CMMNTY_ID
			WHERE 1=1
		]]>
			<if test="useAt != ''">
				AND a.USE_AT = #{useAt}
			</if>
			<if test="searchCnd == '0'">AND
				<![CDATA[	a.CLB_NM LIKE CONCAT('%' , #{searchWrd} , '%') 		]]>
			</if>
			<if test="searchCnd == '1'">AND
				<![CDATA[	c.CMMNTY_NM LIKE CONCAT('%' , #{searchWrd} , '%') 		]]>
			</if>
		<![CDATA[			
			ORDER BY a.FRST_REGIST_PNTTM DESC 
			LIMIT #{recordCountPerPage} OFFSET #{firstIndex}
		]]>				
	</select>	
	
	<select id="selectClubInfsCnt" parameterType="egovframework.com.cop.clb.service.ClubVO" resultType="java.lang.Integer" >
		<![CDATA[
			SELECT 
				COUNT(a.CLB_ID) as cnt
			FROM
				COMTNCLUB a
			LEFT OUTER JOIN COMVNUSERMASTER b
			ON a.FRST_REGISTER_ID = b.ESNTL_ID
			LEFT OUTER JOIN COMTNCMMNTY c
			ON a.CMMNTY_ID = c.CMMNTY_ID
			WHERE 1=1
		]]>
			<if test="useAt != ''">
				AND a.USE_AT = #{useAt}
			</if>		
			<if test="searchCnd == '0'">AND
				<![CDATA[	a.CLB_NM LIKE CONCAT('%' , #{searchWrd} , '%') 		]]>
			</if>
			<if test="searchCnd == '1'">AND
				<![CDATA[	c.CMMNTY_NM LIKE CONCAT('%' , #{searchWrd} , '%') 		]]>
			</if>
	</select>	

	<select id="selectClubInf" parameterType="egovframework.com.cop.clb.service.ClubVO" resultMap="ClubDetail">
		<![CDATA[
			SELECT 
				a.CLB_ID, a.CMMNTY_ID, a.CLB_NM, e.CMMNTY_NM, a.CLB_INTRCN, a.USE_AT, 
				c.TMPLAT_ID, c.TMPLAT_NM,
				a.FRST_REGIST_PNTTM, a.FRST_REGISTER_ID, 
				b.USER_NM as FRST_REGISTER_NM, a.FRST_REGIST_PNTTM
			FROM
				COMTNCLUB a
			LEFT OUTER JOIN COMVNUSERMASTER b
			ON a.FRST_REGISTER_ID = b.ESNTL_ID
			LEFT OUTER JOIN COMTNTMPLATINFO c
			ON a.TMPLAT_ID = c.TMPLAT_ID
			LEFT OUTER JOIN COMTNCMMNTY e
			ON a.CMMNTY_ID = e.CMMNTY_ID
			WHERE
				a.CLB_ID = #{clbId}	
		]]>	
	</select>
	
	<select id="selectClubUseBBSInfs" parameterType="egovframework.com.cop.clb.service.ClubVO" resultMap="ClubBBSUseList">
		<![CDATA[
			SELECT
				a.BBS_ID, a.BBS_NM
			FROM
				COMTNBBSMASTER a
		    LEFT OUTER JOIN COMTNBBSUSE b
			ON a.BBS_ID = b.BBS_ID
			WHERE b.TRGET_ID = #{clbId}
			AND b.USE_AT = 'Y'	
		]]>
	</select>

	<update id="updateClubInf" parameterType="egovframework.com.cop.clb.service.Club">
		<![CDATA[
			UPDATE COMTNCLUB
			SET
				CLB_NM = #{clbNm},
				CLB_INTRCN = #{clbIntrcn}, 
				TMPLAT_ID = #{tmplatId},				
				USE_AT = #{useAt}, 
				LAST_UPDUSR_ID = #{lastUpdusrId},
				LAST_UPDT_PNTTM = SYSDATE()
			WHERE
				CLB_ID = #{clbId}		
		]]>
	</update>
	
	
	<update id="deleteClubInf"  parameterType="egovframework.com.cop.clb.service.Club">
		<![CDATA[
			UPDATE COMTNCLUB
			SET
				USE_AT = 'N'
				LAST_UPDUSR_ID = #{lastUpdusrId},
				LAST_UPDT_PNTTM = SYSDATE()
			WHERE
				CLB_ID = #{clbId}
		]]>
	</update>		
	
	<update id="updateClubUserInf" parameterType="egovframework.com.cop.clb.service.ClubUser">
		<![CDATA[
			UPDATE COMTNCLUBUSER
			SET
				OPRTR_AT = #{oprtrAt}, 
				USE_AT = #{useAt},
				SECSN_DE = #{secsnDe},
				LAST_UPDUSR_ID = #{lastUpdusrId},
				LAST_UPDT_PNTTM = SYSDATE()
			WHERE
				CLB_ID = #{clbId}	
			AND
				EMPLYR_ID = #{emplyrId}
		]]>
	</update>	
		
	<select id="selectClubInfsByCmmntyId" parameterType="egovframework.com.cop.clb.service.ClubVO" resultMap="ClubList" >
		<![CDATA[
			SELECT 
				a.CLB_ID, a.CMMNTY_ID, a.CLB_NM, c.CMMNTY_NM, a.USE_AT, 
				a.FRST_REGIST_PNTTM, a.FRST_REGISTER_ID, 
				b.USER_NM as FRST_REGISTER_NM, a.CLB_INTRCN as CLB_INTRCN
			FROM
				COMTNCLUB a
			LEFT OUTER JOIN COMVNUSERMASTER b
			ON a.FRST_REGISTER_ID = b.ESNTL_ID
			LEFT OUTER JOIN COMTNCMMNTY c
			ON a.CMMNTY_ID = c.CMMNTY_ID
			WHERE 
				a.CMMNTY_ID = #{cmmntyId}
			ORDER BY a.FRST_REGIST_PNTTM DESC 
		]]>				
	</select>		
	<select id="selectClubInfsCntByCmmntyId" parameterType="egovframework.com.cop.clb.service.ClubVO" resultType="java.lang.Integer" >
		<![CDATA[
			SELECT 
				COUNT(a.CLB_ID) as cnt
			FROM
				COMTNCLUB a
			LEFT OUTER JOIN COMVNUSERMASTER b
			ON a.FRST_REGISTER_ID = b.ESNTL_ID
			LEFT OUTER JOIN COMTNCMMNTY c
			ON a.CMMNTY_ID = c.CMMNTY_ID
			WHERE 
				a.CMMNTY_ID = #{cmmntyId}
		]]>
	</select>
				
	<select id="checkExistUser" parameterType="egovframework.com.cop.clb.service.ClubUser" resultType="java.lang.Integer">
		<![CDATA[
			SELECT COUNT(CLB_ID) as cnt
				FROM
			COMTNCLUBUSER
				WHERE EMPLYR_ID = #{emplyrId} 
					AND CLB_ID = #{clbId}
		]]>
	</select>				

	<select id="selectClubListPortletByTrget"  parameterType="egovframework.com.cop.clb.service.Club" resultMap="ClubListPortletByTrget" >
		<![CDATA[
			SELECT 
				CLB_ID, CLB_NM, TMPLAT_ID, CMMNTY_ID, CLB_INTRCN
			FROM
				COMTNCLUB
			WHERE USE_AT = 'Y' 
				AND CMMNTY_ID = #{cmmntyId}
		]]>
	</select>				

	<select id="selectClubListPortlet"  parameterType="egovframework.com.cop.clb.service.Club" resultMap="ClubListPortlet" >
		<![CDATA[
			SELECT 
				a.CLB_ID, a.CLB_NM, a.TMPLAT_ID, a.CMMNTY_ID, 
				a.CLB_INTRCN, b.CMMNTY_NM
			FROM
				COMTNCLUB a, COMTNCMMNTY b
			WHERE a.USE_AT = 'Y' 
				AND a.CMMNTY_ID = b.CMMNTY_ID
		]]>
	</select>	

	<select id="selectClubTmplat" parameterType="egovframework.com.cop.clb.service.ClubVO"  resultType="java.lang.String" >
		<![CDATA[
			SELECT 
				a.TMPLAT_COURS 
			FROM
				COMTNTMPLATINFO a, COMTNCLUB b
			WHERE 
				a. TMPLAT_ID = b.TMPLAT_ID
			AND
				b.CLB_ID = #{clbId}
		]]>	
	</select>				
			

	<select id="selectClubInfsByTrgetId" parameterType="egovframework.com.cop.clb.service.ClubVO" resultMap="ClubList" >
		<![CDATA[
			SELECT 
				a.CLB_ID, a.CMMNTY_ID, a.CLB_NM, c.CMMNTY_NM, a.USE_AT, 
				a.FRST_REGIST_PNTTM, a.FRST_REGISTER_ID, 
				b.USER_NM as FRST_REGISTER_NM, a.CLB_INTRCN as CLB_INTRCN
			FROM
				COMTNCLUB a
			LEFT OUTER JOIN COMVNUSERMASTER b
			ON a.FRST_REGISTER_ID = b.ESNTL_ID
			LEFT OUTER JOIN COMTNCMMNTY c
			ON a.CMMNTY_ID = c.CMMNTY_ID
			WHERE 
				a.CMMNTY_ID = #{trgetId}
		]]>
			<if test="searchCnd == '0'">AND
				<![CDATA[	a.CLB_NM LIKE CONCAT('%' , #{searchWrd} , '%') 		]]>
			</if>
		<![CDATA[			
			ORDER BY a.FRST_REGIST_PNTTM DESC 
			LIMIT #{recordCountPerPage} OFFSET #{firstIndex}
		]]>				
	</select>	
	
	<select id="selectClubInfsCntByTrgetId" parameterType="egovframework.com.cop.clb.service.ClubVO" resultType="java.lang.Integer" >
		<![CDATA[
			SELECT 
				COUNT(a.CLB_ID) as cnt
			FROM
				COMTNCLUB a
			LEFT OUTER JOIN COMVNUSERMASTER b
			ON a.FRST_REGISTER_ID = b.ESNTL_ID
			LEFT OUTER JOIN COMTNCMMNTY c
			ON a.CMMNTY_ID = c.CMMNTY_ID
			WHERE 
				a.CMMNTY_ID = #{trgetId}
		]]>
			<if test="searchCnd == '0'">AND
				<![CDATA[	a.CLB_NM LIKE CONCAT('%' , #{searchWrd} , '%') 		]]>
			</if>
	</select>	
			
	<select id="selectCmmntyInf" parameterType="egovframework.com.cop.clb.service.ClubVO"  resultMap="CmmntyDetail" >
		<![CDATA[
			SELECT 
				CMMNTY_ID, CMMNTY_NM
			FROM
				COMTNCMMNTY
			WHERE 
				CMMNTY_ID = #{trgetId}
		]]>	
	</select>				

	<update id="deleteClubUserInf" parameterType="egovframework.com.cop.clb.service.ClubUser">
		<![CDATA[
			UPDATE COMTNCLUBUSER
			SET
				USE_AT = 'N',
				OPRTR_AT = 'N', 
				SECSN_DE = #{secsnDe},
				LAST_UPDUSR_ID = #{lastUpdusrId},
				LAST_UPDT_PNTTM = SYSDATE()
			WHERE
				CLB_ID = #{clbId}		
			AND
				EMPLYR_ID = #{emplyrId}
		]]>
	</update>

	<update id="deleteAllClubUserInf" parameterType="egovframework.com.cop.clb.service.ClubUser">
		<![CDATA[
			UPDATE COMTNCLUBUSER
			SET
				USE_AT = 'N',
				OPRTR_AT = 'N', 
				SECSN_DE = #{secsnDe},
				LAST_UPDUSR_ID = #{lastUpdusrId},
				LAST_UPDT_PNTTM = SYSDATE()
			WHERE
				CLB_ID = #{clbId}		
			AND USE_AT = 'Y'
		]]>
	</update>

	<select id="selectSingleClubUserInf" parameterType="egovframework.com.cop.clb.service.ClubUser"  resultMap="ClubUserInf" >
		<![CDATA[			
			SELECT OPRTR_AT, USE_AT FROM
			COMTNCLUBUSER
			WHERE EMPLYR_ID = #{emplyrId} 
				AND CLB_ID =  #{clbId}
		]]>
	</select>
	
	<select id="selectClubOperatorInf" parameterType="egovframework.com.cop.clb.service.ClubVO"  resultMap="ClubOperatorInf" >
		<![CDATA[			
			SELECT a.EMPLYR_ID, b.USER_NM as USER_NM 
			FROM COMTNCLUBUSER a
			LEFT OUTER JOIN COMVNUSERMASTER b
			ON a.EMPLYR_ID = b.ESNTL_ID
			WHERE a.CLB_ID =  #{clbId}
				AND a.USE_AT = 'Y' AND a.OPRTR_AT = 'Y'
			ORDER BY a.FRST_REGIST_PNTTM ASC
		]]>
	</select>	
</mapper>

