<?xml version="1.0" encoding="UTF-8"?>
<!-- 
	수정일                 수정자                          수정내용
  =========     =======    =================================================
  2011.9.2   	정진오     	 	FRST_REGIST_PNTTM컬럼에 FRST_REGISTER_PNTTM Alias 추가
  							SCHDUL_KND_CODE컬럼에 SCHDUL_KIND_CODE Alias 추가
  							(egovMap을 사용하는 조회 쿼리의경우)
  2011.09.19       서준식 		AllSchdulManage.selectIndvdlSchdulManage 등록일자 Character 타입으로 변경							
  2011.10.05    서준식               보안 취약점 점검사항 반영 $->#변경						
-->
<!DOCTYPE sqlMap PUBLIC "-//ibatis.apache.org//DTD SQL Map 2.0//EN" "http://ibatis.apache.org/dtd/sql-map-2.dtd">

<sqlMap namespace="AllSchdulManage">

	<typeAlias  alias="egovMap" type="org.egovframe.rte.psl.dataaccess.util.EgovMap"/>
	<typeAlias  alias="comDefaultVO" type="egovframework.com.cmm.ComDefaultVO"/>

	<!-- 전제일정::목록조회_게시물정보 -->
	<select id="AllSchdulManage.selectIndvdlSchdulManage" parameterClass="comDefaultVO" resultClass="egovMap">
	
	<![CDATA[	
	SELECT *
	FROM (
	SELECT T0.*, ROWNUM RNUM
		FROM (
	]]>
	
	 <![CDATA[
		SELECT 
			A.SCHDUL_ID,
			A.SCHDUL_SE,
			A.SCHDUL_DEPT_ID,
			A.SCHDUL_KND_CODE SCHDUL_KIND_CODE,
			A.SCHDUL_BGNDE,
			A.SCHDUL_ENDDE,
			A.SCHDUL_NM,
			A.SCHDUL_CN,
			A.SCHDUL_PLACE,
			A.SCHDUL_IPCR_CODE,
			A.SCHDUL_CHARGER_ID,		
			A.ATCH_FILE_ID,
			TO_CHAR(A.FRST_REGIST_PNTTM ,'YYYY-MM-DD') FRST_REGISTER_PNTTM,
			(SELECT USER_NM FROM COMTNEMPLYRINFO WHERE ESNTL_ID = A.FRST_REGISTER_ID) FRST_REGISTER_NM,
			A.FRST_REGISTER_ID,
			A.LAST_UPDT_PNTTM,
			A.LAST_UPDUSR_ID,
			A.REPTIT_SE_CODE 
		FROM COMTNSCHDULINFO A
		WHERE 1=1
	 ]]>
	 <isNotEmpty property="searchKeyword">
	 	<isNotEqual property="searchKeyword" compareValue="">

 			<isEqual property="searchCondition" compareValue="SCHDUL_NM">
 				AND SCHDUL_NM LIKE '%' || #searchKeyword# || '%'
 			</isEqual>
 			<isEqual property="searchCondition" compareValue="SCHDUL_CN">
 				AND SCHDUL_CN LIKE '%' || #searchKeyword# || '%'
 			</isEqual>

	 	</isNotEqual>
	 </isNotEmpty>
	 <![CDATA[
		ORDER BY A.FRST_REGIST_PNTTM DESC
	]]>
	
	<![CDATA[	
		) T0
	) 
	WHERE RNUM BETWEEN #firstIndex# + 1 AND #firstIndex# + #recordCountPerPage#
	]]>	
	

	</select>
	
	<!-- 전제일정::목록조회_게시물 총갯수  -->
	<select id="AllSchdulManage.selectIndvdlSchdulManageCnt" parameterClass="comDefaultVO" resultClass="int">
		SELECT 
		COUNT(*) totcnt
		FROM COMTNSCHDULINFO
		WHERE 1=1
	 <isNotEmpty property="searchKeyword">
	 	<isNotEqual property="searchKeyword" compareValue="">

 			<isEqual property="searchCondition" compareValue="SCHDUL_NM">
 				AND SCHDUL_NM LIKE '%' || #searchKeyword# || '%'
 			</isEqual>
 			<isEqual property="searchCondition" compareValue="SCHDUL_CN">
 				AND SCHDUL_CN LIKE '%' || #searchKeyword# || '%'
 			</isEqual>

	 	</isNotEqual>
	 </isNotEmpty>
	</select>



</sqlMap>