<?xml version="1.0" encoding="UTF-8"?>
<!DOCTYPE mapper PUBLIC "-//mybatis.org//DTD Mapper 3.0//EN" 
"http://mybatis.org/dtd/mybatis-3-mapper.dtd">
<mapper namespace="gpsAndroidAPIDAO">

	<resultMap id="GPSAndroidInfo" type="egovframework.hyb.add.gps.service.GPSAndroidAPIVO">
		<result property="sn" column="SN"/>
		<result property="uuid" column="UUID"/>
		<result property="lat" column="LA"/>
		<result property="lon" column="LO"/>
		<result property="accrcy" column="ACCRCY"/>
		<result property="useYn" column="USEYN"/>
	</resultMap>

	<insert id="insertGPSInfo">
		<selectKey keyProperty="sn" resultType="int" order="BEFORE">
		   SELECT (IFNULL(MAX(SN), 0)+1) sn from GPS
		   
		</selectKey>
		
			INSERT INTO GPS 
				( SN
				  , UUID
				  , LA
				  , LO
				  , ACCRCY
				  , USEYN )
			VALUES ( #{sn}
				  , #{uuid}
				  , #{lat}
				  , #{lon}
				  , #{accrcy}
				  , #{useYn})
		
	</insert>
	
	<delete id="deleteGPSInfo">
		
			UPDATE GPS 
			SET USEYN='N'
			WHERE UUID = #{uuid}
		
	</delete>
	
	<select id="selectGPSInfoList" parameterType="egovframework.hyb.add.gps.service.GPSAndroidAPIVO" resultType="egovframework.hyb.add.gps.service.GPSAndroidAPIVO">

			SELECT
				SN, UUID, LA lat, 
				LO lon, USEYN
			FROM GPS
			WHERE USEYN='Y'			
			AND UUID = #{uuid}
			ORDER BY SN DESC
	</select>
	
	<select id="selectGPSInfoListTotCnt" parameterType="egovframework.hyb.add.gps.service.GPSAndroidAPIDefaultVO" resultType="int">

			SELECT COUNT(*) totcnt
			FROM GPS
	</select>

</mapper>