<?xml version="1.0" encoding="UTF-8"?>
<!DOCTYPE mapper PUBLIC "-//mybatis.org//DTD Mapper 3.0//EN" 
"http://mybatis.org/dtd/mybatis-3-mapper.dtd">
<mapper namespace="streamingMediaAPIDAO">
	
	<resultMap id="streamingMediaList" type="egovframework.hyb.mbl.stm.service.StreamingMediaAPIVO">
		<result property="sn" column="SN"/>
		<result property="mdSj" column="MD_SJ"/>
		<result property="revivCo" column="REVIV_CO"/>
		<result property="mdCode" column="MD_CODE"/>		
	</resultMap>
	
	<resultMap id="stramingMediaFile" type="egovframework.hyb.mbl.stm.service.StreamingMediaAPIFileVO">
		<result property="mdCode" column="MD_CODE"/>
		<result property="fileSn" column="FILE_SN"/>
		<result property="fileStreCours" column="FILE_STRE_COURS"/>
		<result property="streFileNm" column="STRE_FILE_NM"/>
		<result property="fileExtsn" column="FILE_EXTSN"/>
	</resultMap>
	
	<select id="selectMediaInfoList" resultMap="streamingMediaList">
			
	    	SELECT
				SN, MD_SJ, REVIV_CO, MD_CODE
			FROM MEDIA
			WHERE USEYN = 'Y'
			  AND MD_CODE NOT IN ('MLT02', 'MLT03')
			ORDER BY SN DESC
			
	</select>
	
	<select id="selectMediaFileInfo" resultMap="stramingMediaFile">
			
	    	SELECT
				A.MD_CODE, B.FILE_SN, B.FILE_STRE_COURS, B.STRE_FILE_NM, B.FILE_EXTSN, B.ORIGNL_FILE_NM
			FROM MEDIA A JOIN FILE_DETAIL_INFO B USING(FILE_SN)
			WHERE A.SN = #{sn}
			
	</select>
	
	<update id="updateMediaInfoRevivCo">
		
			UPDATE	MEDIA
			 SET REVIV_CO = REVIV_CO + 1
 			WHERE  SN = #{sn}
		
	</update>
	
</mapper>