<?xml version="1.0" encoding="UTF-8"?>
<!DOCTYPE sqlMap PUBLIC "-//iBATIS.com//DTD SQL Map 2.0//EN" "http://www.ibatis.com/dtd/sql-map-2.dtd">

<sqlMap namespace="RecomendSiteManage">

	<typeAlias  alias="egovMap" type="org.egovframe.rte.psl.dataaccess.util.EgovMap"/>
	<typeAlias  alias="RecomendSiteManageSearchVO" type="egovframework.com.uss.ion.rec.service.RecomendSiteManageDefaultVO"/>

	<resultMap id="RecomendSiteManage" class="egovframework.com.uss.ion.rec.service.RecomendSiteManageVO">
		<result property="recomendSiteId" 	column="RECOMEND_SITE_ID" 	columnIndex="1"/>
		<result property="recomendSiteUrl" 	column="RECOMEND_SITE_URL" 	columnIndex="2"/>
		<result property="recomendSiteNm" 	column="RECOMEND_SITE_NM" 	columnIndex="3"/>
		<result property="recomendSiteDc" 	column="RECOMEND_SITE_DC" 	columnIndex="4"/>
		<result property="recomendResnCn" 	column="RECOMEND_RESN_CN" 	columnIndex="5"/>
		<result property="recomendConfmAt" 	column="RECOMEND_CONFM_AT" 		columnIndex="6"/>
		<result property="confmDe" 			column="CONFM_DE" 				columnIndex="7"/>
		<result property="frstRegisterPnttm" 	column="FRST_REGIST_PNTTM" 	columnIndex="8"/>
		<result property="frstRegisterId" 		column="FRST_REGISTER_ID" 		columnIndex="9"/>
		<result property="lastUpdusrPnttm" 		column="LAST_UPDT_PNTTM" 		columnIndex="10"/>
		<result property="lastUpdusrId" 		column="LAST_UPDUSR_ID" 		columnIndex="11"/>
	</resultMap>

	<select id="RecomendSiteManageDAO.selectRecomendSiteDetail" resultMap="RecomendSiteManage">
		<![CDATA[
			SELECT 	RECOMEND_SITE_ID, RECOMEND_SITE_URL, RECOMEND_SITE_NM, RECOMEND_SITE_DC,
			 		RECOMEND_RESN_CN, RECOMEND_CONFM_AT, CONFM_DE,
					DATE_FORMAT(FRST_REGIST_PNTTM,'%Y-%m-%d') FRST_REGIST_PNTTM   , FRST_REGISTER_ID,
					DATE_FORMAT(LAST_UPDT_PNTTM,'%Y-%m-%d')   LAST_UPDT_PNTTM	  , LAST_UPDUSR_ID
			FROM	COMTNRECOMENDSITEINFO
			WHERE	RECOMEND_SITE_ID=#recomendSiteId#
		]]>
	</select>

	<select id="RecomendSiteManageDAO.selectRecomendSiteList" parameterClass="RecomendSiteManageSearchVO" resultClass="egovMap" resultMap="RecomendSiteManage" >
		<![CDATA[
			SELECT 	RECOMEND_SITE_ID, RECOMEND_SITE_URL, RECOMEND_SITE_NM, RECOMEND_SITE_DC,
			 		RECOMEND_RESN_CN, RECOMEND_CONFM_AT, CONFM_DE,
					FRST_REGIST_PNTTM	  , FRST_REGISTER_ID,
					DATE_FORMAT(LAST_UPDT_PNTTM,'%Y-%m-%d')	LAST_UPDT_PNTTM  , LAST_UPDUSR_ID
			FROM	COMTNRECOMENDSITEINFO
			WHERE	1=1
		]]>
			<isEqual prepend="AND" property="searchCondition" compareValue="recomendSiteNm">
				<![CDATA[RECOMEND_SITE_NM LIKE CONCAT('%', #searchKeyword#, '%')]]>
			</isEqual>
			<isEqual prepend="AND" property="searchCondition" compareValue="recomendSiteUrl">
				<![CDATA[RECOMEND_SITE_URL  LIKE CONCAT('%', #searchKeyword#, '%')]]>
			</isEqual>
			ORDER BY RECOMEND_SITE_NM DESC
			LIMIT  #recordCountPerPage# OFFSET #firstIndex#
	</select>

	<select id="RecomendSiteManageDAO.selectRecomendSiteListTotCnt" parameterClass="RecomendSiteManageSearchVO" resultClass="int">
		<![CDATA[
			SELECT 	COUNT(*) totcnt
			FROM 	COMTNRECOMENDSITEINFO
			WHERE 	1=1
		]]>
			<isEqual prepend="AND" property="searchCondition" compareValue="recomendSiteNm">
				<![CDATA[RECOMEND_SITE_NM LIKE CONCAT('%', #searchKeyword#, '%')]]>
			</isEqual>
			<isEqual prepend="AND" property="searchCondition" compareValue="recomendSiteUrl">
				<![CDATA[RECOMEND_SITE_URL  LIKE CONCAT('%', #searchKeyword#, '%')]]>
			</isEqual>
	</select>

	<insert id="RecomendSiteManageDAO.insertRecomendSiteInfo">
		<![CDATA[
			INSERT INTO COMTNRECOMENDSITEINFO
				   (RECOMEND_SITE_ID
				  ,	RECOMEND_SITE_URL
				  ,	RECOMEND_SITE_NM
				  ,	RECOMEND_SITE_DC
			  	  ,	RECOMEND_RESN_CN
				  ,	RECOMEND_CONFM_AT
				  ,	CONFM_DE
				  , FRST_REGIST_PNTTM
				  , FRST_REGISTER_ID
				  , LAST_UPDT_PNTTM
				  , LAST_UPDUSR_ID)
			VALUES ( #recomendSiteId#
				  , #recomendSiteUrl#
				  , #recomendSiteNm#
				  , #recomendSiteDc#
				  , #recomendResnCn#
				  , #recomendConfmAt#
				  , #confmDe#
				  , sysdate()
				  , #frstRegisterId#
				  , sysdate()
				  , #lastUpdusrId# )
		]]>
	</insert>

	<update id="RecomendSiteManageDAO.updateRecomendSiteInfo">
		<![CDATA[
			UPDATE	COMTNRECOMENDSITEINFO	SET
				    RECOMEND_SITE_ID=#recomendSiteId#
				  ,	RECOMEND_SITE_URL=#recomendSiteUrl#
				  ,	RECOMEND_SITE_NM=#recomendSiteNm#
				  ,	RECOMEND_SITE_DC=#recomendSiteDc#
			  	  ,	RECOMEND_RESN_CN=#recomendResnCn#
				  ,	RECOMEND_CONFM_AT=#recomendConfmAt#
				  ,	CONFM_DE=#confmDe#
				  , LAST_UPDT_PNTTM=sysdate()
				  , LAST_UPDUSR_ID=#lastUpdusrId#
 			WHERE  RECOMEND_SITE_ID=#recomendSiteId#
		]]>
	</update>

	<delete id="RecomendSiteManageDAO.deleteRecomendSiteInfo">
		<![CDATA[
			DELETE FROM COMTNRECOMENDSITEINFO
			WHERE  RECOMEND_SITE_ID=#recomendSiteId#
		]]>
	</delete>

</sqlMap>
