<?xml version="1.0" encoding="UTF-8"?>
<!DOCTYPE sqlMap PUBLIC "-//iBATIS.com//DTD SQL Map 2.0//EN" "http://www.ibatis.com/dtd/sql-map-2.dtd">

<sqlMap namespace="BBSScrap">

	<typeAlias  alias="egovMap" type="org.egovframe.rte.psl.dataaccess.util.EgovMap"/>
	<typeAlias  alias="Scrap" type="egovframework.com.cop.bbs.service.Scrap"/>
	<typeAlias  alias="ScrapVO" type="egovframework.com.cop.bbs.service.ScrapVO"/>
	
	<resultMap id="scrapList" class="egovframework.com.cop.bbs.service.ScrapVO">
		<result property="scrapId" column="SCRAP_ID" columnIndex="1"/>
		<result property="nttId" column="NTT_ID" columnIndex="2"/>
		<result property="bbsId" column="BBS_ID" columnIndex="3"/>
		<result property="scrapNm" column="SCRAP_NM" columnIndex="4"/>
		<result property="useAt" column="USE_AT" columnIndex="5"/>
		<result property="frstRegisterPnttm" column="FRST_REGIST_PNTTM" columnIndex="6"/>
		<result property="frstRegisterNm" column="FRST_REGISTER_NM" columnIndex="7"/>
	</resultMap>
	
	<resultMap id="scrapDetail" class="egovframework.com.cop.bbs.service.Scrap">
		<result property="scrapId" column="SCRAP_ID" columnIndex="1"/>
		<result property="nttId" column="NTT_ID" columnIndex="2"/>
		<result property="bbsId" column="BBS_ID" columnIndex="3"/>
		<result property="scrapNm" column="SCRAP_Nm" columnIndex="4"/>
		<result property="useAt" column="USE_AT" columnIndex="5"/>
		<result property="frstRegisterPnttm" column="FRST_REGIST_PNTTM" columnIndex="6"/>
		<result property="frstRegisterNm" column="FRST_REGISTER_NM" columnIndex="7"/>
		<result property="frstRegisterId" column="FRST_REGISTER_ID" columnIndex="8"/>
	</resultMap>

	<select id="BBSScrapDAO.selectScrapList" parameterClass="ScrapVO" resultMap="scrapList" >
		<![CDATA[
		SELECT * FROM ( SELECT rownum rn, TB.* FROM (
			SELECT
				a.SCRAP_ID, a.NTT_ID, a.BBS_ID, 
				a.SCRAP_NM, a.USE_AT,
				TO_CHAR(a.FRST_REGIST_PNTTM, 'YYYY-MM-DD HH24:MI:SS') 
				as FRST_REGIST_PNTTM,
				b.USER_NM as FRST_REGISTER_NM
			FROM
				COMTNSCRAP a
			LEFT OUTER JOIN COMVNUSERMASTER b
				ON a.FRST_REGISTER_ID = b.ESNTL_ID
			WHERE
				a.USE_AT = 'Y'
			AND 
				a.FRST_REGISTER_ID = #uniqId#
		]]>
			<isEqual prepend="AND" property="searchCnd" compareValue="0">
				<![CDATA[	a.SCRAP_NM LIKE '%' || #searchWrd# || '%' 		]]>
			</isEqual>
		<![CDATA[
			ORDER BY a.FRST_REGIST_PNTTM ASC
			) TB ) Z WHERE rn BETWEEN #firstIndex# + 1 AND #firstIndex# + #recordCountPerPage#
		]]>				
	</select>	
	
	<select id="BBSScrapDAO.selectScrapListCnt" parameterClass="ScrapVO" resultClass="java.lang.Integer" >
		<![CDATA[
			SELECT
				COUNT(SCRAP_ID)
			FROM
				COMTNSCRAP 
			WHERE
				USE_AT = 'Y'
			AND 
				FRST_REGISTER_ID = #uniqId#
		]]>
			<isEqual prepend="AND" property="searchCnd" compareValue="0">
				<![CDATA[	SCRAP_NM LIKE '%' || #searchWrd# || '%' 	]]>
			</isEqual>		
	</select>
	
	<insert id="BBSScrapDAO.insertScrap" parameterClass="Scrap" >
		<![CDATA[
			INSERT INTO COMTNSCRAP
			(SCRAP_ID, NTT_ID, BBS_ID, SCRAP_NM, USE_AT, 
			 FRST_REGISTER_ID, FRST_REGIST_PNTTM
			 )
			VALUES
			( #scrapId#, #nttId#, #bbsId#, #scrapNm#, 'Y',
			  #frstRegisterId#, SYSDATETIME
			 )
		]]>
	</insert>
	
	<update id="BBSScrapDAO.deleteScrap" parameterClass="ScrapVO">
		<![CDATA[
			UPDATE COMTNSCRAP
			SET USE_AT = 'N'
			WHERE SCRAP_ID = #scrapId#
		]]>			
	</update>
	
	<select id="BBSScrapDAO.selectScrap" parameterClass="ScrapVO" resultMap="scrapDetail" >
		<![CDATA[
			SELECT
				a.SCRAP_ID, a.NTT_ID, a.BBS_ID, 
				a.SCRAP_NM, a.USE_AT,
				TO_CHAR(a.FRST_REGIST_PNTTM, 'YYYY-MM-DD HH24:MI:SS') 
				as FRST_REGIST_PNTTM,
				b.USER_NM as FRST_REGISTER_NM,
				a.FRST_REGISTER_ID
			FROM
				COMTNSCRAP a
			LEFT OUTER JOIN COMVNUSERMASTER b
				ON a.FRST_REGISTER_ID = b.ESNTL_ID
			WHERE
				a.SCRAP_ID = #scrapId#
		]]>				
	</select> 

 	 <update id="BBSScrapDAO.updateScrap" parameterClass="Scrap">
 		<![CDATA[
			UPDATE COMTNSCRAP SET 
				SCRAP_NM = #scrapNm#,
				LAST_UPDUSR_ID = #lastUpdusrId#,
				LAST_UPDT_PNTTM = SYSDATETIME
			WHERE SCRAP_ID = #scrapId# 
 		]]>
 	</update>
</sqlMap>
