<?xml version="1.0" encoding="UTF-8"?>
<!DOCTYPE sqlMap PUBLIC "-//iBATIS.com//DTD SQL Map 2.0//EN" "http://www.ibatis.com/dtd/sql-map-2.dtd">

<sqlMap namespace="RealtimeNotice">

	<typeAlias  alias="egovMap" type="org.egovframe.rte.psl.dataaccess.util.EgovMap"/>
	<typeAlias  alias="RealtimeNoticeVO" type="egovframework.mbl.com.rns.service.RealtimeNoticeVO"/>	

	<resultMap id="RealtimeNotice" class="egovframework.mbl.com.rns.service.RealtimeNotice">
		<result property="sn" column="SN" columnIndex="1"/>
		<result property="mberId" column="MBER_ID" columnIndex="2"/>
		<result property="noticeSj" column="NOTICE_SJ" columnIndex="3"/>
		<result property="noticeCn" column="NOTICE_CN" columnIndex="4"/>		
		
		<result property="creatDt" column="CREAT_DT" columnIndex="5"/>
		<result property="noticeBgnDt" column="NOTICE_BGNDT" columnIndex="6"/>
		<result property="noticeEndDt" column="NOTICE_ENDDT" columnIndex="7"/>
		
		<result property="recentCodeId" column="RECENT_CODE_ID" columnIndex="8"/>
		<result property="recentCode" column="RECENT_CODE" columnIndex="9"/>
	</resultMap>

	<resultMap id="RealtimeNoticeMsg" class="egovframework.mbl.com.rns.service.RealtimeNotice">
		<result property="sn" column="SN" columnIndex="1"/>
		<result property="noticeSj" column="NOTICE_SJ" columnIndex="2"/>
		<result property="noticeCn" column="NOTICE_CN" columnIndex="3"/>		
	</resultMap>
	
	<resultMap id="RealtimeNoticeMaxSn" class="egovframework.mbl.com.rns.service.RealtimeNotice">
		<result property="sn" column="SN" columnIndex="1"/>
	</resultMap>
	
	<resultMap id="RealtimeNoticeNewSn" class="egovframework.mbl.com.rns.service.RealtimeNotice">
		<result property="sn" column="SN" columnIndex="1"/>
	</resultMap>
	
	
	<!-- 1. 실시간 공지서비스 관리자 목록 조회  -->
	<select id="RealtimeNoticeDAO.selectRealtimeNoticeList" parameterClass="RealtimeNoticeVO" resultClass="egovMap">
	<![CDATA[
		SELECT  * 
			FROM  (
		SELECT ROWNUM RNUM, ALL_LIST.* 
			FROM  (
              
		SELECT A.SN,
		       A.NOTICE_SJ,
		       A.CREAT_DT
		  FROM (		       
				SELECT A.SN AS SN,
				       A.NOTICE_SJ AS NOTICE_SJ,
				       A.CREAT_DT AS CREAT_DT
		          FROM COMTNREALTIMENOTICE A
		         ORDER BY A.SN DESC   
         		) A
		ORDER BY SN DESC
                ) ALL_LIST
                )
        WHERE  RNUM  > 0
        	AND  RNUM <= #fetchRow#     
	]]>
	</select>
	
	<!-- 2. 실시간 공지서비스 메시지 조회	-->
	<select id="RealtimeNoticeDAO.selectRealtimeNoticeMsg" resultMap="RealtimeNoticeMsg">
	<![CDATA[
		SELECT A.SN AS SN,
		       A.NOTICE_SJ AS NOTICE_SJ,
		       A.NOTICE_CN AS NOTICE_CN
          FROM COMTNREALTIMENOTICE A
         WHERE A.SN = (SELECT MAX(SN) FROM COMTNREALTIMENOTICE)         
           AND TO_CHAR( A.NOTICE_BGNDT, 'YYYY-MM-DD') <= TO_CHAR( SYSDATE, 'YYYY-MM-DD')
           AND TO_CHAR( A.NOTICE_ENDDT, 'YYYY-MM-DD') >= TO_CHAR( SYSDATE, 'YYYY-MM-DD')         
	]]>
	</select>
	
	<!-- 3. 실시간 공지서비스 관리자 / 사용자 상세조회  -->
	<select id="RealtimeNoticeDAO.selectRealtimeNotice" resultMap="RealtimeNotice">
	<![CDATA[		
		SELECT A.SN AS SN,
		      A.MBER_ID AS MBER_ID,
		      A.NOTICE_SJ AS NOTICE_SJ,
		      A.NOTICE_CN AS NOTICE_CN,
		      A.NOTICE_BGNDT,
		      A.NOTICE_ENDDT,
			  A.RECENT_CODE_ID,
			  A.RECENT_CODE,		      
		      A.CREAT_DT AS CREAT_DT
		 FROM COMTNREALTIMENOTICE A
		WHERE A.SN = #sn#
	]]>
	
	<isNotEqual property="mberId" compareValue="">
		  AND A.MBER_ID = #mberId#
	</isNotEqual>
	</select>
	
	<!-- 4. 실시간공지서비스 NEW 일련번호 조회 -->
	<select id="RealtimeNoticeDAO.selectRealtimeNoticeNewSn" resultClass="java.lang.Integer">
	<![CDATA[
		SELECT CASE WHEN A.CNT = 0 THEN 1
                    ELSE (SELECT MAX(A.SN) + 1 
                            FROM COMTNREALTIMENOTICE A
                         )
                END AS SN 
  		  FROM (
		        SELECT COUNT(SN) AS CNT
		          FROM COMTNREALTIMENOTICE
               ) A
	]]>
	</select>

	<!-- 5.실시간 공지서비스 등록 -->
	<insert id="RealtimeNoticeDAO.insertRealtimeNotice">
	<![CDATA[	
		INSERT INTO COMTNREALTIMENOTICE (
				SN,
				MBER_ID,
				NOTICE_SJ,
				NOTICE_CN,
				RECENT_CODE_ID,
				RECENT_CODE,
				NOTICE_BGNDT,
				NOTICE_ENDDT,
				CREAT_DT,
				UPDT_DT
		) VALUES (
				#sn#,
				#mberId#,
				#noticeSj#,
				#noticeCn#,
				#recentCodeId#,
				#recentCode#,
				TO_DATE( #noticeBgnDt#, 'YYYY-MM-DD'),
				TO_DATE( #noticeEndDt#, 'YYYY-MM-DD'),
				SYSDATE,
				SYSDATE
		)
	]]>
	</insert>
	
	<!-- 6. 실시간 공지서비스 삭제 -->
	<delete id="RealtimeNoticeDAO.deleteRealtimeNotice">
	<![CDATA[
		DELETE FROM COMTNREALTIMENOTICE
		 WHERE SN = #sn#
		  
		]]>
	<isNotEqual property="mberId" compareValue="">
		  AND MBER_ID = #mberId#
	</isNotEqual>
	</delete>	
	
</sqlMap>
