<?xml version="1.0" encoding="UTF-8"?>

<!DOCTYPE sqlMap PUBLIC "-//ibatis.apache.org//DTD SQL Map 2.0//EN" "http://ibatis.apache.org/dtd/sql-map-2.dtd">
<!--
	수정일		수정자					수정내용
  =========     =======    =================================================
  2011.8.24   	이기하     	 	테이블 표준화에 따른 수정사항 반영
  							QUSTNR_TMPLAT_ID 를			 	QESTNR_TMPLAT_ID 로 변경
							QUSTNR_SJ 를					QESTNR_SJ 로 변경
							QUSTNR_PURPS 를					QESTNR_PURPS 로 변경
							QUSTNR_WRITNG_GUIDANCE_CN 를	QESTNR_WRITNG_GUIDANCE_CN 로 변경
							QUSTNR_TRGET 를					QESTNR_TRGET 로 변경
  2011.10.05	정진오		보안 취약점 점검사항에 따른 수정사항 반영
  							$searchKeyword$를	 #searchKeyword# 로 변경
  							$searchCondition$는 <isEqual property="searchCondition" compareValue="선택조건명">으로 수정
-->
<sqlMap namespace="QustnrManage">

	<typeAlias  alias="egovMap" type="org.egovframe.rte.psl.dataaccess.util.EgovMap"/>
	<typeAlias  alias="comDefaultVO" type="egovframework.com.cmm.ComDefaultVO"/>
	<typeAlias  alias="QustnrManageVO" type="egovframework.com.uss.olp.qmc.service.QustnrManageVO"/>

	<resultMap id="QustnrManage" class="egovframework.com.uss.olp.qmc.service.QustnrManageVO">
		<result property="qestnrId" 				column="QESTNR_ID" 		columnIndex="1"/>
		<result property="qestnrSj" 				column="QUSTNR_SJ" 		columnIndex="2"/>
		<result property="qestnrPurps" 				column="QUSTNR_PURPS" 	columnIndex="3"/>
		<result property="qestnrWritngGuidanceCn" 	column="QUSTNR_WRITNG_GUIDANCE_CN" 		columnIndex="4"/>
		<result property="qestnrBeginDe" 			column="QUSTNR_BGNDE"		columnIndex="5"/>
		<result property="qestnrEndDe" 				column="QUSTNR_ENDDE" 			columnIndex="6"/>
		<result property="qestnrTrget" 				column="QUSTNR_TRGET" 			columnIndex="7"/>
		<result property="qestnrTmplatId" 			column="QUSTNR_TMPLAT_ID" 		columnIndex="8"/>
		<result property="qestnrTmplatTy" 			column="QUSTNR_TMPLAT_TY" 		columnIndex="9"/>
		<result property="frstRegisterPnttm" 		column="FRST_REGIST_PNTTM" 	columnIndex="10"/>
		<result property="frstRegisterId" 			column="FRST_REGISTER_ID" 		columnIndex="11"/>
		<result property="lastUpdusrPnttm" 			column="LAST_UPDT_PNTTM" 		columnIndex="12"/>
		<result property="lastUpdusrId" 			column="LAST_UPDUSR_ID" 		columnIndex="13"/>
	</resultMap>

	<!-- 설문정보::목록조회_게시물정보 -->
	<select id="QustnrManage.selectQustnrManageDetailModel" resultMap="QustnrManage">
		SELECT
			A.QESTNR_ID,
			A.QUSTNR_SJ,
			A.QUSTNR_PURPS,
			A.QUSTNR_WRITNG_GUIDANCE_CN,
			TO_CHAR(TO_DATE(A.QUSTNR_BGNDE, 'YYYYMMDD'),'YYYY-MM-DD') QUSTNR_BGNDE,
			TO_CHAR(TO_DATE(A.QUSTNR_ENDDE, 'YYYYMMDD'),'YYYY-MM-DD') QUSTNR_ENDDE,
			A.QUSTNR_TRGET,
			A.QUSTNR_TMPLAT_ID,
			(SELECT QUSTNR_TMPLAT_TY FROM COMTNQUSTNRTMPLAT WHERE  QUSTNR_TMPLAT_ID = A.QUSTNR_TMPLAT_ID) QUSTNR_TMPLAT_TY,
			A.FRST_REGIST_PNTTM,
			A.FRST_REGISTER_ID,
			A.LAST_UPDT_PNTTM,
			A.LAST_UPDUSR_ID
		FROM COMTNQESTNRINFO A
		WHERE 1=1
		AND QESTNR_ID = #qestnrId#
	</select>

	<!-- 설문정보::목록조회_게시물정보 -->
	<select id="QustnrManage.selectQustnrManage" parameterClass="comDefaultVO" resultClass="egovMap">
	<![CDATA[
	SELECT *
	FROM (
	SELECT T0.*, ROWNUM RNUM
		FROM (
	]]>

	 <![CDATA[
		SELECT
			A.QESTNR_ID,
			A.QUSTNR_SJ			    QESTNR_SJ,
			A.QUSTNR_PURPS		    QESTNR_PURPS,
			A.QUSTNR_WRITNG_GUIDANCE_CN	    QESTNR_WRITNG_GUIDANCE_CN,
			TO_CHAR(TO_DATE(A.QUSTNR_BGNDE, 'YYYYMMDD'),'YYYY-MM-DD')    QESTNR_BEGIN_DE,
			TO_CHAR(TO_DATE(A.QUSTNR_ENDDE, 'YYYYMMDD'),'YYYY-MM-DD')    QESTNR_END_DE,
			A.QUSTNR_TRGET		    QESTNR_TRGET,
			A.QUSTNR_TMPLAT_ID	 QESTNR_TMPLAT_ID,
			A.FRST_REGIST_PNTTM	 FRST_REGISTER_PNTTM,
			A.FRST_REGISTER_ID,
			(SELECT USER_NM FROM COMTNEMPLYRINFO WHERE ESNTL_ID = A.FRST_REGISTER_ID) FRST_REGISTER_NM,
			A.LAST_UPDT_PNTTM,
			A.LAST_UPDUSR_ID
		FROM COMTNQESTNRINFO A
		WHERE 1=1
	 ]]>
	 <isNotEmpty property="searchKeyword">
	 	<isNotEqual property="searchKeyword" compareValue="">
		 	<isNotEqual property="searchCondition" compareValue="FRST_REGISTER_ID">
	 			<isEqual property="searchCondition" compareValue="QUSTNR_SJ">
		 				AND QUSTNR_SJ  LIKE '%' || #searchKeyword# || '%'
	 			</isEqual>
		 	</isNotEqual>
		 	<isEqual property="searchCondition" compareValue="FRST_REGISTER_ID">
		 		AND  FRST_REGISTER_ID IN (SELECT ESNTL_ID FROM COMTNEMPLYRINFO WHERE USER_NM LIKE '%' || #searchKeyword# || '%' )
		 	</isEqual>
	 	</isNotEqual>
	 </isNotEmpty>

	 <![CDATA[
		ORDER BY A.FRST_REGIST_PNTTM DESC
	]]>
	<![CDATA[

		) T0
	)
	WHERE RNUM BETWEEN #firstIndex# + 1 AND #firstIndex# + #recordCountPerPage#
	]]>
	</select>

	<!-- 설문정보::목록조회_게시물 총갯수  -->
	<select id="QustnrManage.selectQustnrManageCnt" parameterClass="comDefaultVO" resultClass="int">
		SELECT
		COUNT(*) totcnt
		FROM COMTNQESTNRINFO
		WHERE 1=1
	 <isNotEmpty property="searchKeyword">
	 	<isNotEqual property="searchKeyword" compareValue="">
		 	<isNotEqual property="searchCondition" compareValue="FRST_REGISTER_ID">
		 		<isEqual property="searchCondition" compareValue="QUSTNR_SJ">
		 				AND QUSTNR_SJ LIKE '%' || #searchKeyword# || '%'
	 			</isEqual>
		 	</isNotEqual>
		 	<isEqual property="searchCondition" compareValue="FRST_REGISTER_ID">
		 		AND  FRST_REGISTER_ID IN (SELECT ESNTL_ID FROM COMTNEMPLYRINFO WHERE USER_NM LIKE '%' || #searchKeyword# || '%' )
		 	</isEqual>
	 	</isNotEqual>
	 </isNotEmpty>
	</select>

	<!-- 설문정보::설문템플릿정보 -->
	<select id="QustnrManage.selectQustnrTmplatManage" parameterClass="QustnrManageVO" resultClass="egovMap">
		SELECT
		QUSTNR_TMPLAT_ID	 QESTNR_TMPLAT_ID,
		QUSTNR_TMPLAT_TY	 QESTNR_TMPLAT_TY
		FROM COMTNQUSTNRTMPLAT
	</select>

	<!-- 설문응답자 삭제 -->
	<delete id="QustnrManage.deleteQustnrRespondManage">
	DELETE FROM COMTNQUSTNRRESPONDINFO WHERE QESTNR_ID = #qestnrId#
	</delete>
	<!-- 설문조사(설문결과) 삭제 -->
	<delete id="QustnrManage.deleteQustnrRespondInfo">
	DELETE FROM COMTNQUSTNRRSPNSRESULT WHERE QESTNR_ID = #qestnrId#
	</delete>
	<!-- 설문항목 삭제 -->
	<delete id="QustnrManage.deleteQustnrItemManage">
	DELETE FROM COMTNQUSTNRIEM WHERE QESTNR_ID = #qestnrId#
	</delete>
	<!-- 설문문항 삭제 -->
	<delete id="QustnrManage.deleteQustnrQestnManage">
	DELETE FROM COMTNQUSTNRQESITM WHERE QESTNR_ID = #qestnrId#
	</delete>

	<!-- 설문정보::삭제  -->
	<delete id="QustnrManage.deleteQustnrManage">
		<![CDATA[
			DELETE FROM COMTNQESTNRINFO
			WHERE QESTNR_ID = #qestnrId#
		]]>
	</delete>

	<!-- 설문정보::수정  -->
	<update id="QustnrManage.updateQustnrManage">
		UPDATE COMTNQESTNRINFO
		SET
			QUSTNR_SJ=#qestnrSj#,
			QUSTNR_PURPS=#qestnrPurps#,
			QUSTNR_TMPLAT_ID=#qestnrTmplatId#,
			QUSTNR_WRITNG_GUIDANCE_CN=#qestnrWritngGuidanceCn#,
			QUSTNR_BGNDE=REPLACE(#qestnrBeginDe#,'-',''),
			QUSTNR_TRGET=#qestnrTrget#,
			QUSTNR_ENDDE=REPLACE(#qestnrEndDe#,'-',''),
			LAST_UPDT_PNTTM = sysdate,
			LAST_UPDUSR_ID = #lastUpdusrId#
		WHERE QESTNR_ID = #qestnrId#
	</update>

	<!-- 설문정보::상세보기 -->
	<select id="QustnrManage.selectQustnrManageDetail" parameterClass="QustnrManageVO" resultClass="egovMap">
		SELECT
			A.QESTNR_ID,
			A.QUSTNR_SJ		    QESTNR_SJ,
			A.QUSTNR_PURPS	    QESTNR_PURPS,
			A.QUSTNR_WRITNG_GUIDANCE_CN	    QESTNR_WRITNG_GUIDANCE_CN,
			TO_CHAR(TO_DATE(A.QUSTNR_BGNDE, 'YYYYMMDD'),'YYYY-MM-DD') QESTNR_BEGIN_DE,
			TO_CHAR(TO_DATE(A.QUSTNR_ENDDE, 'YYYYMMDD'),'YYYY-MM-DD') QESTNR_END_DE,
			A.FRST_REGIST_PNTTM	 FRST_REGISTER_PNTTM,
			A.FRST_REGISTER_ID,
			A.LAST_UPDT_PNTTM,
			A.LAST_UPDUSR_ID,
			A.QUSTNR_TRGET		    QESTNR_TRGET,
			A.QUSTNR_TMPLAT_ID	 QESTNR_TMPLAT_ID,
            (SELECT QUSTNR_TMPLAT_TY FROM COMTNQUSTNRTMPLAT WHERE  QUSTNR_TMPLAT_ID = A.QUSTNR_TMPLAT_ID) QUSTNR_TMPLAT_TY
		FROM COMTNQESTNRINFO A
		WHERE 1=1
		AND QESTNR_ID = #qestnrId#

	</select>

	<!-- 설문정보::입력  -->
	<insert id="QustnrManage.insertQustnrManage">
	 <![CDATA[

		INSERT INTO COMTNQESTNRINFO (
			QESTNR_ID,
			QUSTNR_SJ,
			QUSTNR_PURPS,
			QUSTNR_WRITNG_GUIDANCE_CN,
			QUSTNR_BGNDE,
			QUSTNR_ENDDE,
			QUSTNR_TRGET,
			QUSTNR_TMPLAT_ID,
			FRST_REGIST_PNTTM,
			FRST_REGISTER_ID,
			LAST_UPDT_PNTTM,
			LAST_UPDUSR_ID
		)VALUES(
			#qestnrId#,
			#qestnrSj#,
			#qestnrPurps#,
			#qestnrWritngGuidanceCn#,
			REPLACE(#qestnrBeginDe#,'-',''),
			REPLACE(#qestnrEndDe#,'-',''),
			#qestnrTrget#,
			#qestnrTmplatId#,
			sysdate,
			#frstRegisterId#,
			sysdate,
			#lastUpdusrId#
		)

	 ]]>
	</insert>


</sqlMap>