<?xml version="1.0" encoding="UTF-8"?>
<!DOCTYPE sqlMap PUBLIC "-//iBATIS.com//DTD SQL Map 2.0//EN" "http://www.ibatis.com/dtd/sql-map-2.dtd">
<!--
	수정일		수정자					수정내용
  =========     =======    =================================================
  2011.9.7   	이기하     	 	테이블 표준화에 따른 수정사항 반영
					 		WordDicaryDAO.selectWordDicaryList_D에 FRST_REGIST_PNTTM -> FRST_REGISTER_PNTTM 로 변경
					 		WordDicaryDAO.selectWordDicaryDetail_S 에 FRST_REGISTER_PNTTM -> FRST_REGIST_PNTTM 로 변경
					 		WordDicaryDAO.selectWordDicaryDetail_S 에 LAST_UPDUSR_PNTTM -> LAST_UPDT_PNTTM 로 변경
					 		WordDicaryDAO.selectWordDicaryListTotCnt_S에 and A.FRST_REGISTER_ID = B.ESNTL_ID 추가
					 		
  2011.09.19       서준식 		WordDicaryDAO.selectWordDicaryList_D 등록일자 Character 타입으로 변경					 		
-->
<sqlMap namespace="WordDicary">

	<typeAlias  alias="egovMap" type="org.egovframe.rte.psl.dataaccess.util.EgovMap"/>
	<typeAlias  alias="WordDicarySearchVO" type="egovframework.com.uss.olh.wor.service.WordDicaryDefaultVO"/>

	<resultMap id="WordDicary" class="egovframework.com.uss.olh.wor.service.WordDicaryVO">
		<result property="wordId" 	column="WORD_ID" 	columnIndex="1"/>
		<result property="wordNm" 	column="WORD_NM" 	columnIndex="2"/>
		<result property="engNm" 	column="ENG_NM" 	columnIndex="3"/>
		<result property="wordDc" 	column="WORD_DC" 	columnIndex="4"/>
		<result property="synonm" 	column="SYNONM" 	columnIndex="5"/>
		<result property="emplyrNm" column="USER_NM" 	columnIndex="6"/>
		<result property="frstRegisterPnttm" 	column="FRST_REGIST_PNTTM" 	columnIndex="7"/>
		<result property="frstRegisterId" 		column="FRST_REGISTER_ID" 		columnIndex="8"/>
		<result property="lastUpdusrPnttm" 		column="LAST_UPDT_PNTTM" 		columnIndex="9"/>
		<result property="lastUpdusrId" 		column="LAST_UPDUSR_ID" 		columnIndex="10"/>
	</resultMap>

	<!-- 용어사전::상세조회  -->
	<select id="WordDicaryDAO.selectWordDicaryDetail_S" resultMap="WordDicary">
		<![CDATA[
			SELECT
					WORD_ID,
					WORD_NM,
					ENG_NM,
					WORD_DC,
					SYNONM,
					B.USER_NM,
					DATE_FORMAT(FRST_REGIST_PNTTM,'%Y-%m-%d') FRST_REGIST_PNTTM,
					FRST_REGISTER_ID,
					DATE_FORMAT(LAST_UPDT_PNTTM,'%Y-%m-%d')   LAST_UPDT_PNTTM,
					LAST_UPDUSR_ID
			FROM 	COMTNWORDDICARYINFO A, COMTNEMPLYRINFO B
			WHERE	A.WORD_ID=#wordId#	and A.FRST_REGISTER_ID = B.ESNTL_ID
		]]>
	</select>

	<!-- 용어사전::목록조회  -->
	<select id="WordDicaryDAO.selectWordDicaryList_D" parameterClass="WordDicarySearchVO" resultClass="egovMap">
		<![CDATA[
			SELECT
				WORD_ID,
				WORD_NM,
				ENG_NM,
				WORD_DC,
				SYNONM,
				B.USER_NM				EMPLYR_NM,
				DATE_FORMAT(FRST_REGIST_PNTTM,'%Y-%m-%d')		FRST_REGISTER_PNTTM,
				FRST_REGISTER_ID,
				DATE_FORMAT(LAST_UPDT_PNTTM,'%Y-%m-%d')			LAST_UPDUSR_PNTTM,
				LAST_UPDUSR_ID
			FROM 	COMTNWORDDICARYINFO A, COMTNEMPLYRINFO B
			WHERE	1=1 and A.FRST_REGISTER_ID = B.ESNTL_ID
		]]>
			<isEqual prepend="AND" property="searchCondition" compareValue="wordNm">
				<![CDATA[WORD_NM LIKE CONCAT('%', #searchKeyword#, '%')]]>
			</isEqual>
			<isEqual prepend="AND" property="searchCondition" compareValue="engNm">
				<![CDATA[ENG_NM  LIKE CONCAT('%', #searchKeyword#, '%')]]>
			</isEqual>
			ORDER BY WORD_ID DESC
			LIMIT  #recordCountPerPage# OFFSET #firstIndex#
	</select>



	<select id="WordDicaryDAO.selectWordDicaryListTotCnt_S" parameterClass="WordDicarySearchVO" resultClass="int">
		<![CDATA[
			SELECT	COUNT(*) totcnt
			FROM 	COMTNWORDDICARYINFO A, COMTNEMPLYRINFO B
			WHERE	1=1 and A.FRST_REGISTER_ID = B.ESNTL_ID
		]]>
			<isEqual prepend="AND" property="searchCondition" compareValue="wordNm">
				<![CDATA[WORD_NM LIKE CONCAT('%', #searchKeyword#, '%')]]>
			</isEqual>
			<isEqual prepend="AND" property="searchCondition" compareValue="engNm">
				<![CDATA[ENG_NM  LIKE CONCAT('%', #searchKeyword#, '%')]]>
			</isEqual>
	</select>

	<insert id="wordDicaryDAO.insertWordDicary_S">
		<![CDATA[
			INSERT INTO COMTNWORDDICARYINFO
				( WORD_ID
				  , WORD_NM
				  , ENG_NM
				  , WORD_DC
				  , SYNONM
				  , FRST_REGIST_PNTTM
				  , FRST_REGISTER_ID )
			VALUES ( #wordId#
				  , #wordNm#
				  , #engNm#
				  , #wordDc#
				  , #synonm#
				  , sysdate()
				  , #frstRegisterId# )
		]]>
	</insert>

	<update id="wordDicaryDAO.updateWordDicary_S">
		<![CDATA[
			UPDATE COMTNWORDDICARYINFO	SET
				   WORD_NM=#wordNm#
				 , ENG_NM=#engNm#
				 , WORD_DC=#wordDc#
				 , SYNONM=#synonm#
				 , LAST_UPDT_PNTTM=sysdate()
				 , LAST_UPDUSR_ID=#lastUpdusrId#
			WHERE  WORD_ID=#wordId#
		]]>
	</update>

	<delete id="wordDicaryDAO.deleteWordDicary_S">
		<![CDATA[
			DELETE FROM COMTNWORDDICARYINFO
			WHERE  WORD_ID=#wordId#
		]]>
	</delete>


</sqlMap>
