<?xml version="1.0" encoding="UTF-8"?>
<beans xmlns="http://www.springframework.org/schema/beans" xmlns:xsi="http://www.w3.org/2001/XMLSchema-instance"
	xsi:schemaLocation="http://www.springframework.org/schema/beans http://www.springframework.org/schema/beans/spring-beans-4.0.xsd">
    
   	<bean id="propertyConfigurer" class="org.springframework.beans.factory.config.PropertyPlaceholderConfigurer">
        <property name="locations">
            <list>
                <value>classpath:/egovframework/egovProps/globals.properties</value>
            </list>
        </property>
    </bean>
    
    <!-- DataSource -->
	<alias name="dataSource-${Globals.DbType}" alias="dataSource" />

	<!-- MySQL -->
	<bean id="dataSource-mysql" class="org.apache.commons.dbcp2.BasicDataSource" destroy-method="close">
		<property name="driverClassName" value="${Globals.DriverClassName}"/>
		<property name="url" value="${Globals.Url}" />
		<property name="username" value="${Globals.UserName}"/>
		<property name="password" value="${Globals.Password}"/>
	</bean>

	<!-- Oracle -->
	<bean id="dataSource-oracle" class="org.apache.commons.dbcp2.BasicDataSource" destroy-method="close">
		<property name="driverClassName" value="${Globals.DriverClassName}"/>
		<property name="url" value="${Globals.Url}" />
		<property name="username" value="${Globals.UserName}"/>
		<property name="password" value="${Globals.Password}"/>
	</bean>

	<!-- Altibase -->
	<bean id="dataSource-altibase" class="org.apache.commons.dbcp2.BasicDataSource" destroy-method="close">
		<property name="driverClassName" value="${Globals.DriverClassName}"/>
		<property name="url" value="${Globals.Url}" />
		<property name="username" value="${Globals.UserName}"/>
		<property name="password" value="${Globals.Password}"/>
	</bean>

	<!-- Tibero -->
	<bean id="dataSource-tibero" class="org.apache.commons.dbcp2.BasicDataSource" destroy-method="close">
		<property name="driverClassName" value="${Globals.DriverClassName}"/>
		<property name="url" value="${Globals.Url}" />
		<property name="username" value="${Globals.UserName}"/>
		<property name="password" value="${Globals.Password}"/>
	</bean>

    <!-- cubrid -->
    <bean id="dataSource-cubrid" class="org.apache.commons.dbcp2.BasicDataSource" destroy-method="close">
        <property name="driverClassName" value="${Globals.DriverClassName}"/>
        <property name="url" value="${Globals.Url}" />
        <property name="username" value="${Globals.UserName}"/>
        <property name="password" value="${Globals.Password}"/>
    </bean>
</beans>
