<?xml version="1.0" encoding="UTF-8"?>
<beans xmlns="http://www.springframework.org/schema/beans" xmlns:xsi="http://www.w3.org/2001/XMLSchema-instance"
	xsi:schemaLocation="http://www.springframework.org/schema/beans http://www.springframework.org/schema/beans/spring-beans-4.0.xsd">

   	<bean id="propertyConfigurer" class="org.springframework.beans.factory.config.PropertyPlaceholderConfigurer">
        <property name="locations">
            <list>
                <value>classpath:/egovframework/egovProps/globals.properties</value>
            </list>
        </property>
    </bean>

	<bean name="propertiesService" class="org.egovframe.rte.fdl.property.impl.EgovPropertyServiceImpl" destroy-method="destroy">
		<property name="properties">
	        <map>
	        	<entry key="pageUnit" value="2"/>
	        	<entry key="pageSize" value="3"/>
	        	<entry key="fileStorePath" value="${Globals.fileStorePath}"/>
	        	<entry key="serverContext" value="${Globals.serverContext}"/>
	        	<entry key="downloadContext" value="${Globals.downloadContext}"/>
	        </map>
		</property>
	</bean>
</beans>	
