<?xml version="1.0" encoding="UTF-8"?>
<!DOCTYPE mapper PUBLIC "-//mybatis.org//DTD Mapper 3.0//EN" 
"http://mybatis.org/dtd/mybatis-3-mapper.dtd">
<mapper namespace="fileReaderWriteriOSAPIDAO">

	<insert id="insertFileInfo">
		<selectKey keyProperty="sn" resultType="int" order="BEFORE">
		   SELECT (IFNULL(MAX(SN), 0)+1) SN FROM FILE_READER_WRITE
		   
		</selectKey>
		
			INSERT INTO FILE_READER_WRITE
				( SN
				  , UUID
				  , FILE_SN
				  , FILE_NM
				  , FILE_COURS
				  , FILE_TYPE
				  , UPDT_DT
				  , FILE_SIZE
				  , USEYN )
			VALUES ( #{sn}
				  , #{uuid}
				  , #{fileSn}
				  , #{fileNm}
				  , #{fileStreCours}
				  , #{fileType}
				  , SYSDATE()
				  , #{fileSize}
				  , #{useYn})
		
	</insert>
	
	
	<insert id="insertFileDetailInfo">
		
		
			INSERT INTO FILE_DETAIL_INFO
				( FILE_SN
				  , FILE_STRE_COURS
				  , STRE_FILE_NM
				  , ORIGNL_FILE_NM
				  , FILE_EXTSN
				  , FILE_CN
				  , FILE_SIZE )
			VALUES ( #{fileSn}
				  , #{fileStreCours}
				  , #{streFileNm}
				  , #{orignlFileNm}
				  , #{fileExtsn}
				  , #{fileCn}
				  , #{fileSize})
		
	</insert>
	<select id="selectFileInfoList" resultType="egovMap">

			SELECT
				SN, UUID, FILE_SN, FILE_NM, FILE_COURS, FILE_TYPE, UPDT_DT, FILE_SIZE, USEYN
			FROM FILE_READER_WRITE
			WHERE USEYN='Y' AND UUID = #{uuid}
			ORDER BY SN DESC
	</select>
	
	<select id="selectFileInfo" resultType="egovframework.hyb.ios.frw.service.FileReaderWriteriOSAPIVO">

			SELECT
				A.SN, A.UUID, A.FILE_SN fileSn, A.FILE_NM, A.FILE_COURS, A.FILE_TYPE, A.UPDT_DT, A.FILE_SIZE, A.USEYN,
				B.STRE_FILE_NM streFileNm, B.ORIGNL_FILE_NM orignlFileNm
			FROM FILE_READER_WRITE A JOIN FILE_DETAIL_INFO B USING(FILE_SN)
			WHERE USEYN='Y' AND UUID = #{uuid} AND FILE_SN = #{fileSn}
			ORDER BY SN DESC
	</select>
	
	<delete id="deleteFileInfo">
		
			DELETE FROM FILE_READER_WRITE 
			WHERE UUID = #{uuid} AND FILE_SN = #{fileSn}
		
	</delete>
	
	<delete id="deleteFileDetailInfo">
		
			DELETE FROM FILE_DETAIL_INFO 
			WHERE FILE_SN = #{fileSn}
		
	</delete>
	

</mapper>