<?xml version="1.0" encoding="UTF-8"?>
<!DOCTYPE sqlMap PUBLIC "-//iBATIS.com//DTD SQL Map 2.0//EN" "http://www.ibatis.com/dtd/sql-map-2.dtd">
<!--
	수정일		수정자					수정내용
  =========     =======    =================================================					 		
  2011.09.19       서준식 		StplatManageDAO.selectStplatList 등록일자 Character 타입으로 변경
-->
<sqlMap namespace="StplatManage">

	<typeAlias  alias="egovMap" type="org.egovframe.rte.psl.dataaccess.util.EgovMap"/>
	<typeAlias  alias="StplatManageSearchVO" type="egovframework.com.uss.sam.stp.service.StplatManageDefaultVO"/>	

	<resultMap id="StplatManage" class="egovframework.com.uss.sam.stp.service.StplatManageVO">
		<result property="useStplatId" 			column="USE_STPLAT_ID" 			columnIndex="1"/>
		<result property="useStplatNm" 			column="USE_STPLAT_NM" 			columnIndex="2"/>		
		<result property="useStplatCn" 			column="USE_STPLAT_CN" 			columnIndex="3" jdbcType="CLOB" typeHandler="egovframework.com.cmm.AltibaseClobStringTypeHandler" />
		<result property="infoProvdAgreCn" 		column="INFO_PROVD_AGRE_CN" 	columnIndex="4" jdbcType="CLOB" typeHandler="egovframework.com.cmm.AltibaseClobStringTypeHandler" />
		<result property="frstRegisterPnttm" 	column="FRST_REGIST_PNTTM" 	columnIndex="5"/>
		<result property="frstRegisterId" 		column="FRST_REGISTER_ID" 		columnIndex="6"/>
		<result property="lastUpdusrPnttm" 		column="LAST_UPDT_PNTTM" 		columnIndex="7"/>
		<result property="lastUpdusrId" 		column="LAST_UPDUSR_ID" 		columnIndex="8"/>				
	</resultMap>
	
	<select id="StplatManageDAO.selectStplatDetail" resultMap="StplatManage">
		<![CDATA[		
			SELECT 	USE_STPLAT_ID, USE_STPLAT_NM, USE_STPLAT_CN,  INFO_PROVD_AGRE_CN,  
					TO_CHAR(FRST_REGIST_PNTTM,'YYYY-MM-DD') FRST_REGIST_PNTTM   , FRST_REGISTER_ID, 
					TO_CHAR(LAST_UPDT_PNTTM,'YYYY-MM-DD')   LAST_UPDT_PNTTM	  , LAST_UPDUSR_ID			 			  			 			  
			FROM	COMTNSTPLATINFO		
			WHERE	USE_STPLAT_ID=#useStplatId#					
		]]>
	</select>
	
	<select id="StplatManageDAO.selectStplatList" parameterClass="StplatManageSearchVO" resultMap="StplatManage">
		<![CDATA[
			SELECT USE_STPLAT_ID, 
				USE_STPLAT_NM, 
				USE_STPLAT_CN,  
				INFO_PROVD_AGRE_CN,  
				 TO_CHAR(FRST_REGIST_PNTTM,'YYYY-MM-DD') FRST_REGIST_PNTTM, 
				 FRST_REGISTER_ID, 
				  TO_CHAR(LAST_UPDT_PNTTM,'YYYY-MM-DD') LAST_UPDT_PNTTM, 
				  LAST_UPDUSR_ID		
			FROM
				   (
				   SELECT  ROWNUM RNUM,STP.*
				   FROM
				   	   	  (
				   		   SELECT 	USE_STPLAT_ID, USE_STPLAT_NM, 
						   		    USE_STPLAT_CN,  
						   		    INFO_PROVD_AGRE_CN,  
						   			FRST_REGIST_PNTTM	  , FRST_REGISTER_ID, 
									LAST_UPDT_PNTTM	  , LAST_UPDUSR_ID			 
						   FROM		COMTNSTPLATINFO                               			
						   WHERE	1=1   			
		]]>					
			<isEqual prepend="AND" property="searchCondition" compareValue="useStplatNm">
				<![CDATA[USE_STPLAT_NM LIKE '%' || #searchKeyword# || '%']]>
			</isEqual>
			<isEqual prepend="AND" property="searchCondition" compareValue="useStplatCn">
				<![CDATA[USE_STPLAT_CN LIKE '%' || #searchKeyword# || '%']]>
			</isEqual>		
		<![CDATA[		
							ORDER BY USE_STPLAT_NM DESC								   
						  ) STP
				   ) 
			WHERE ROWNUM <= #recordCountPerPage# and RNUM > #firstIndex#	
		]]>				
	</select>
	
	<select id="StplatManageDAO.selectStplatListTotCnt" parameterClass="StplatManageSearchVO" resultClass="int">
		<![CDATA[
			SELECT 	COUNT(*) totcnt
			FROM 	COMTNSTPLATINFO
			WHERE 	1=1
		]]>			
			<isEqual prepend="AND" property="searchCondition" compareValue="siteNm">
				<![CDATA[RECOMEND_SITE_NM LIKE '%' || #searchKeyword# || '%']]>
			</isEqual>
			<isEqual prepend="AND" property="searchCondition" compareValue="siteUrl">
				<![CDATA[RECOMEND_SITE_URL  LIKE '%' || #searchKeyword# || '%']]>
			</isEqual>
	</select>
	
	
	
	
	<insert id="StplatManageDAO.insertStplatCn">	
		<![CDATA[	
			INSERT INTO COMTNSTPLATINFO
				   (USE_STPLAT_ID
				  , USE_STPLAT_NM				   
				  , USE_STPLAT_CN
				  , INFO_PROVD_AGRE_CN
				  , FRST_REGIST_PNTTM 
				  , FRST_REGISTER_ID 
				  , LAST_UPDT_PNTTM 
				  , LAST_UPDUSR_ID) 
			VALUES ( #useStplatId#
				  , #useStplatNm#			
				  , #useStplatCn:CLOB#
				  , #infoProvdAgreCn:CLOB#
				  , sysdate
				  , #frstRegisterId#
				  , sysdate
				  , #lastUpdusrId# )
		]]>
	</insert>
	
	<update id="StplatManageDAO.updateStplatCn" >
		<![CDATA[
			UPDATE	COMTNSTPLATINFO	SET 
				   	USE_STPLAT_NM=#useStplatNm#
				  ,	USE_STPLAT_CN=#useStplatCn:CLOB#				  
				  ,	INFO_PROVD_AGRE_CN=#infoProvdAgreCn:CLOB#
				  , LAST_UPDT_PNTTM=sysdate
				  , LAST_UPDUSR_ID=#lastUpdusrId#
 			WHERE  USE_STPLAT_ID=#useStplatId#
		]]>
	</update>
	
	<delete id="StplatManageDAO.deleteStplatCn">
		<![CDATA[
			DELETE FROM COMTNSTPLATINFO 
			WHERE  USE_STPLAT_ID=#useStplatId#
		]]>
	</delete>
	
</sqlMap>
