<?xml version="1.0" encoding="UTF-8"?>

<!DOCTYPE sqlMap PUBLIC "-//ibatis.apache.org//DTD SQL Map 2.0//EN" "http://ibatis.apache.org/dtd/sql-map-2.dtd">
<!--
	수정일		수정자					수정내용
  =========     =======    =================================================
  2011.8.24   	이기하     	 	테이블 표준화에 따른 수정사항 반영
  							QUSTNR_TMPLAT_ID 를			 	QESTNR_TMPLAT_ID 로 변경
							FRST_REGIST_PNTTM 를			FRST_REGISTER_PNTTM 로 변경
							QUSTNR_QESITM_ID 를				QESTNR_QESITM_ID 로 변경
							QUSTNR_SJ 를					QESTNR_SJ 로 변경
							QUSTNR_TRGET 를					QESTNR_TRGET 로 변경
  2011.10.05	정진오		보안 취약점 점검사항에 따른 수정사항 반영
  							$searchKeyword$를	 #searchKeyword# 로 변경
  							$searchCondition$는 <isEqual property="searchCondition" compareValue="선택조건명">으로 수정
-->
<sqlMap namespace="QustnrQestnManage">

	<typeAlias  alias="egovMap" type="org.egovframe.rte.psl.dataaccess.util.EgovMap"/>
	<typeAlias  alias="comDefaultVO" type="egovframework.com.cmm.ComDefaultVO"/>
	<typeAlias  alias="QustnrQestnManageVO" type="egovframework.com.uss.olp.qqm.service.QustnrQestnManageVO"/>
	<!-- 설문문항:: 객관식 통계  -->
	<select id="QustnrQestnManage.selectQustnrManageStatistics" parameterClass="java.util.Map" resultClass="egovMap">
	<![CDATA[
		SELECT
			( SELECT IEM_CN FROM COMTNQUSTNRIEM
			  WHERE 1=1
			  AND QUSTNR_IEM_ID = A.QUSTNR_IEM_ID ) IEM_CN,
			COUNT(A.QUSTNR_IEM_ID) QUSTNR_IEM_ID_CNT,
			ROUND((100/(SELECT COUNT(*) CNT
						FROM COMTNQUSTNRRSPNSRESULT
						WHERE QUSTNR_QESITM_ID = #qestnrQesitmId#)) * COUNT(A.QUSTNR_IEM_ID)) QUSTNR_PERCENT
		FROM COMTNQUSTNRRSPNSRESULT A
		WHERE 1=1
		AND A.QUSTNR_QESITM_ID = #qestnrQesitmId#
		GROUP BY A.QUSTNR_IEM_ID
	]]>
	</select>
	<!-- 설문문항:: 응답자답변내용 결과/기타답변내용 결과 통계  -->
	<select id="QustnrQestnManage.selectQustnrManageStatistics2" parameterClass="java.util.Map" resultClass="egovMap">
	<![CDATA[
		SELECT
			RESPOND_ANSWER_CN,
			ETC_ANSWER_CN
		FROM COMTNQUSTNRRSPNSRESULT A
		WHERE 1=1
		AND A.QUSTNR_QESITM_ID = #qestnrQesitmId#
	]]>
	</select>

	<!-- 설문문항:: 설문지 제목 검색  -->
	<select id="QustnrQestnManage.selectQustnrManag    QESTNR_SJ" parameterClass="java.util.Map" resultClass="egovMap">
		SELECT QUSTNR_SJ
		FROM COMTNQESTNRINFO
		WHERE QESTNR_ID = #qestnrId#
	</select>

	<!-- 설문조사(설문결과) 삭제 -->
	<delete id="QustnrQestnManage.deleteQustnrRespondInfo">
		DELETE FROM COMTNQUSTNRRSPNSRESULT
		WHERE QUSTNR_QESITM_ID = #qestnrQesitmId#
	</delete>
	<!-- 설문항목 삭제 -->
	<delete id="QustnrQestnManage.deleteQustnrItemManage">
		DELETE FROM COMTNQUSTNRIEM
		WHERE QUSTNR_QESITM_ID = #qestnrQesitmId#
	</delete>

	<!-- 설문문항::삭제  -->
	<delete id="QustnrQestnManage.deleteQustnrQestnManage">
		<![CDATA[
			DELETE FROM COMTNQUSTNRQESITM
			WHERE QUSTNR_QESITM_ID = #qestnrQesitmId#
		]]>
	</delete>

	<!-- 설문문항::수정  -->
	<update id="QustnrQestnManage.updateQustnrQestnManage">
		UPDATE COMTNQUSTNRQESITM
		SET
			QESTN_SN=#qestnSn#,
			QESTN_TY_CODE=#qestnTyCode#,
			QESTN_CN=#qestnCn#,
			MXMM_CHOISE_CO=#mxmmChoiseCo#,
			LAST_UPDT_PNTTM = sysdate(),
			LAST_UPDUSR_ID = #lastUpdusrId#
		WHERE QUSTNR_QESITM_ID = #qestnrQesitmId#
	</update>

	<!-- 설문문항::상세보기 -->
	<select id="QustnrQestnManage.selectQustnrQestnManageDetail" parameterClass="QustnrQestnManageVO" resultClass="egovMap">
		SELECT
			A.QUSTNR_QESITM_ID    QESTNR_QESITM_ID,
			A.QESTNR_ID,
			(SELECT QUSTNR_SJ FROM COMTNQESTNRINFO WHERE QESTNR_ID=A.QESTNR_ID) QESTNR_SJ,
			A.QESTN_SN,
			A.QESTN_TY_CODE,
			A.QESTN_CN		,
			A.MXMM_CHOISE_CO,
			A.QUSTNR_TMPLAT_ID QESTNR_TMPLAT_ID,
			DATE_FORMAT(A.FRST_REGIST_PNTTM,'%Y-%m-%d %H%:i:%s') FRST_REGISTER_PNTTM,
			A.FRST_REGISTER_ID,
			DATE_FORMAT(A.LAST_UPDT_PNTTM,'%Y-%m-%d %H%:i:%s') LAST_UPDT_PNTTM,
			A.LAST_UPDUSR_ID
		FROM COMTNQUSTNRQESITM A
		WHERE 1=1
		AND QUSTNR_QESITM_ID = #qestnrQesitmId#

	</select>

	<!-- 설문문항::목록조회_게시물정보 -->
	<select id="QustnrQestnManage.selectQustnrQestnManage" parameterClass="comDefaultVO" resultClass="egovMap">
	 <![CDATA[
		SELECT
			A.QUSTNR_QESITM_ID	    QESTNR_QESITM_ID,
			A.QESTNR_ID,
			(SELECT QUSTNR_SJ FROM COMTNQESTNRINFO WHERE QESTNR_ID=A.QESTNR_ID) QESTNR_SJ,
			A.QESTN_SN,
			A.QESTN_TY_CODE,
			A.QESTN_CN,
			A.MXMM_CHOISE_CO,
			A.QUSTNR_TMPLAT_ID		 QESTNR_TMPLAT_ID,
			DATE_FORMAT(A.FRST_REGIST_PNTTM,'%Y-%m-%d') FRST_REGISTER_PNTTM,
			A.FRST_REGISTER_ID,
			(SELECT USER_NM FROM COMTNEMPLYRINFO WHERE ESNTL_ID = A.FRST_REGISTER_ID) FRST_REGISTER_NM,
			DATE_FORMAT(A.LAST_UPDT_PNTTM,'%Y-%m-%d') LAST_UPDT_PNTTM,
			A.LAST_UPDUSR_ID
		FROM COMTNQUSTNRQESITM A
		WHERE 1=1
	 ]]>
	 <isNotEmpty property="searchKeyword">
	 	<isNotEqual property="searchKeyword" compareValue="">
	 		<isNotEqual property="searchCondition" compareValue="">
	 			<isEqual property="searchCondition" compareValue="QESTN_CN">
	 				AND QESTN_CN LIKE CONCAT('%',#searchKeyword#,'%')
	 			</isEqual>
	 			<isEqual property="searchCondition" compareValue="MXMM_CHOISE_CO">
	 				AND MXMM_CHOISE_CO LIKE CONCAT('%',#searchKeyword#,'%')
	 			</isEqual>
	 		</isNotEqual>
	 	</isNotEqual>
	 </isNotEmpty>
	 <![CDATA[
		ORDER BY A.FRST_REGIST_PNTTM DESC
		LIMIT #recordCountPerPage# OFFSET #firstIndex#
	]]>
	</select>

	<!-- 설문문항::목록조회_게시물 총갯수  -->
	<select id="QustnrQestnManage.selectQustnrQestnManageCnt" parameterClass="comDefaultVO" resultClass="int">
		SELECT
		COUNT(*) totcnt
		FROM COMTNQUSTNRQESITM
		WHERE 1=1
	 <isNotEmpty property="searchKeyword">
	 	<isNotEqual property="searchKeyword" compareValue="">
	 		<isNotEqual property="searchCondition" compareValue="">
	 			<isEqual property="searchCondition" compareValue="QESTN_CN">
	 				AND QESTN_CN LIKE CONCAT('%',#searchKeyword#,'%')
	 			</isEqual>
	 			<isEqual property="searchCondition" compareValue="MXMM_CHOISE_CO">
	 				AND MXMM_CHOISE_CO LIKE CONCAT('%',#searchKeyword#,'%')
	 			</isEqual>
	 		</isNotEqual>
	 	</isNotEqual>
	 </isNotEmpty>
	</select>

	<!-- 설문문항::입력  -->
	<insert id="QustnrQestnManage.insertQustnrQestnManage">
	 <![CDATA[

		INSERT INTO COMTNQUSTNRQESITM (
			QUSTNR_QESITM_ID,
			QESTNR_ID,
			QESTN_SN,
			QESTN_TY_CODE,
			QESTN_CN,
			MXMM_CHOISE_CO,
			QUSTNR_TMPLAT_ID,
			FRST_REGIST_PNTTM,
			FRST_REGISTER_ID,
			LAST_UPDT_PNTTM,
			LAST_UPDUSR_ID
		)VALUES(
			#qestnrQesitmId#,
			#qestnrId#,
			#qestnSn#,
			#qestnTyCode#,
			#qestnCn#,
			#mxmmChoiseCo#,
			#qestnrTmplatId#,
			sysdate(),
			#frstRegisterId#,
			sysdate(),
			#lastUpdusrId#
		)

	 ]]>
	</insert>


</sqlMap>