<?xml version="1.0" encoding="UTF-8"?>
<beans xmlns="http://www.springframework.org/schema/beans" xmlns:xsi="http://www.w3.org/2001/XMLSchema-instance"
		xmlns:p="http://www.springframework.org/schema/p"
		xmlns:context="http://www.springframework.org/schema/context"
        xmlns:mvc="http://www.springframework.org/schema/mvc"
		xsi:schemaLocation="http://www.springframework.org/schema/beans http://www.springframework.org/schema/beans/spring-beans-3.2.xsd
							http://www.springframework.org/schema/context http://www.springframework.org/schema/context/spring-context-3.2.xsd
                            http://www.springframework.org/schema/mvc http://www.springframework.org/schema/mvc/spring-mvc-3.2.xsd">

	<context:component-scan base-package="egovframework">
		<context:include-filter type="annotation" expression="org.springframework.stereotype.Controller"/>
		<context:exclude-filter type="annotation" expression="org.springframework.stereotype.Service"/>
		<context:exclude-filter type="annotation" expression="org.springframework.stereotype.Repository"/>
	</context:component-scan>

	<!-- For Pagination Tag -->
	<bean id="imageRenderer" class="egovframework.com.cmm.ImagePaginationRenderer"/>
	<bean id="mblImageRenderer" class="egovframework.mbl.com.cmm.EgovImgPaginationRenderer"/>

	<bean id="paginationManager" class="org.egovframe.rte.ptl.mvc.tags.ui.pagination.DefaultPaginationManager">
		<property name="rendererType">
			<map>
				<entry key="image" value-ref="imageRenderer"/>
				<entry key="mblImage" value-ref="mblImageRenderer"/>
			</map>
		</property>
	</bean>

    <bean class="org.springframework.web.servlet.mvc.method.annotation.RequestMappingHandlerAdapter">
        <property name="webBindingInitializer">
            <bean class="egovframework.com.cmm.web.EgovBindingInitializer"/>
        </property>
    </bean>
    <bean class="org.springframework.web.servlet.mvc.method.annotation.RequestMappingHandlerMapping"/>

    <!-- 로그인 체크가 필요한 URL과 로그인 여부를 체크해줄 인터셉터를 등록한다. -->
    <mvc:interceptors>
        <mvc:interceptor>
            <mvc:mapping path="/**/*.do" />
            <mvc:exclude-mapping path="/uat/uia/**" />
            <mvc:exclude-mapping path="/index.do" />
            <mvc:exclude-mapping path="/EgovLeft.do" />
            <mvc:exclude-mapping path="/EgovContent.do" />
            <mvc:exclude-mapping path="/EgovTop.do" />
            <mvc:exclude-mapping path="/EgovBottom.do" />
            <mvc:exclude-mapping path="/uat/uia/egovLoginUsr.do" />
            <mvc:exclude-mapping path="/uat/uia/actionLogin.do" />
            <bean class="egovframework.com.cmm.interceptor.AuthenticInterceptor" />
        </mvc:interceptor>
    </mvc:interceptors>

	<bean class="org.springframework.web.servlet.handler.SimpleMappingExceptionResolver">
		<property name="defaultErrorView" value="egovframework/com/cmm/error/egovError"/>
		<property name="exceptionMappings">
			<props>
				<prop key="NullPointerException">egovframework/com/cmm/error/egovError</prop>
				<prop key="RuntimeException">egovframework/com/cmm/error/egovError</prop>
				<prop key="org.springframework.dao.DataAccessException">egovframework/com/cmm/error/egovDataAccessFailure</prop>
				<prop key="org.springframework.transaction.TransactionException">egovframework/com/cmm/error/egovDataAccessFailure</prop>
				<prop key="org.egovframe.rte.fdl.cmmn.exception.EgovBizException">egovframework/com/cmm/error/egovBizException</prop>
				<prop key="org.springframework.web.HttpSessionRequiredException">egovframework/com/cmm/uat/uia/EgovLoginUsr</prop>
				<prop key="egovframework.com.cmm.exception.EgovFileExtensionException">egovframework/com/cmm/error/egovFileExtensionException</prop>
			</props>
		</property>
		<property name="order" value="1"/>
	</bean>

	<!-- jsonView  -->
    <bean id="viewResolver" class="org.springframework.web.servlet.view.BeanNameViewResolver" p:order="0"/>
	
	<!-- eGovframe 실행환경 3.6 업드레이드 관련 수정 -->	
	<bean id="jsonView" class="org.springframework.web.servlet.view.json.MappingJackson2JsonView" >
		<property name="contentType" value="application/json;charset=UTF-8"/>
	</bean>

	<bean class="org.springframework.web.servlet.view.UrlBasedViewResolver" p:order="1"
		p:viewClass="org.springframework.web.servlet.view.JstlView"
		p:prefix="/WEB-INF/jsp/" p:suffix=".jsp"/>

</beans>