<?xml version="1.0" encoding="UTF-8"?>
<!DOCTYPE sqlMap PUBLIC "-//iBATIS.com//DTD SQL Map 2.0//EN" "http://www.ibatis.com/dtd/sql-map-2.dtd">
<!--
	수정일          수정자                          수정내용
  ===========      ========    =================================================
  2011.11.22		이기하     	 	최초 생성
-->
<sqlMap namespace="ZipManage">

	<typeAlias  alias="egovMap" type="org.egovframe.rte.psl.dataaccess.util.EgovMap"/>
	<typeAlias  alias="Zip"     type="egovframework.com.sym.ccm.zip.service.Zip"/>
	<typeAlias  alias="ZipVO"   type="egovframework.com.sym.ccm.zip.service.ZipVO"/>

	<select id="RdnmadZipDAO.selectZipList" parameterClass="ZipVO" resultClass="egovMap">
		<![CDATA[
			SELECT  *
			  FROM  (
			SELECT ROWNUM RNUM, ALL_LIST.*
			  FROM  (
			/* 구현 Sql */
			SELECT  RDMN_CODE
			     ,  SN
			     ,  CTPRVN_NM
			     ,  SIGNGU_NM
			     ,  RDMN
			     ,  BDNBR_MNNM
			     ,  BDNBR_SLNO
			     ,  BULD_NM
			     ,  DETAIL_BULD_NM
			     ,  ZIP
			  FROM  COMTRDNMADRZIP
			 WHERE	1 = 1
		]]>
			<isEqual prepend="AND" property="searchCondition2" compareValue="1">
				<![CDATA[ZIP LIKE '%' || #searchKeyword# || '%']]>
			</isEqual>
			<isEqual prepend="AND" property="searchCondition2" compareValue="2">
				<![CDATA[CTPRVN_NM LIKE '%' || #searchKeyword# || '%']]>
			</isEqual>
			<isEqual prepend="AND" property="searchCondition2" compareValue="3">
				<![CDATA[SIGNGU_NM LIKE '%' || #searchKeyword# || '%']]>
			</isEqual>
			<isEqual prepend="AND" property="searchCondition2" compareValue="4">
				<![CDATA[RDMN LIKE '%' || #searchKeyword# || '%']]>
			</isEqual>
			<isEqual prepend="AND" property="searchCondition2" compareValue="5">
				<![CDATA[BULD_NM LIKE '%' || #searchKeyword# || '%']]>
			</isEqual>
			<isEqual prepend="AND" property="searchCondition2" compareValue="6">
				<![CDATA[DETAIL_BULD_NM LIKE '%' || #searchKeyword# || '%']]>
			</isEqual>
		<![CDATA[
			/* 구현 Sql */
				    ) ALL_LIST
				    )
			 WHERE  RNUM  > #firstIndex#
			   AND  RNUM <= #firstIndex# + #recordCountPerPage#
		]]>
	</select>

	<select id="RdnmadZipDAO.selectZipListTotCnt" parameterClass="ZipVO" resultClass="int">
		<![CDATA[
			SELECT  COUNT(*) totcnt
			  FROM  COMTRDNMADRZIP
			 WHERE	1 = 1
		]]>
			<isEqual prepend="AND" property="searchCondition2" compareValue="1">
				<![CDATA[ZIP LIKE '%' || #searchKeyword# || '%']]>
			</isEqual>
			<isEqual prepend="AND" property="searchCondition2" compareValue="2">
				<![CDATA[CTPRVN_NM LIKE '%' || #searchKeyword# || '%']]>
			</isEqual>
			<isEqual prepend="AND" property="searchCondition2" compareValue="3">
				<![CDATA[SIGNGU_NM LIKE '%' || #searchKeyword# || '%']]>
			</isEqual>
			<isEqual prepend="AND" property="searchCondition2" compareValue="4">
				<![CDATA[RDMN LIKE '%' || #searchKeyword# || '%']]>
			</isEqual>
			<isEqual prepend="AND" property="searchCondition2" compareValue="5">
				<![CDATA[BULD_NM LIKE '%' || #searchKeyword# || '%']]>
			</isEqual>
			<isEqual prepend="AND" property="searchCondition2" compareValue="6">
				<![CDATA[DETAIL_BULD_NM LIKE '%' || #searchKeyword# || '%']]>
			</isEqual>
	</select>

	<select id="RdnmadZipDAO.selectZipDetail" parameterClass="Zip" resultClass="Zip">
		<![CDATA[
			SELECT  RDMN_CODE		rdmnCode
			     ,  SN              sn
			     ,  CTPRVN_NM		ctprvnNm
			     ,  SIGNGU_NM		signguNm
			     ,  RDMN			rdmn
			     ,  BDNBR_MNNM		bdnbrMnnm
			     ,  BDNBR_SLNO		bdnbrSlno
			     ,  BULD_NM			buldNm
			     ,  DETAIL_BULD_NM	detailBuldNm
			     ,  ZIP				zip
			  FROM  COMTRDNMADRZIP
			 WHERE	RDMN_CODE = #rdmnCode#
		]]>
	</select>

	<insert id="RdnmadZipDAO.insertZip">
		<selectKey resultClass="int" keyProperty="sn">
			SELECT  MAX(SN)+1	sn
			  FROM  COMTRDNMADRZIP
	    </selectKey>
		<![CDATA[
			INSERT
			  INTO  COMTRDNMADRZIP
			     (  RDMN_CODE
			     ,  SN
			     ,  CTPRVN_NM
			     ,  SIGNGU_NM
			     ,  RDMN
			     ,  BDNBR_MNNM
			     ,  BDNBR_SLNO
			     ,  BULD_NM
			     ,  DETAIL_BULD_NM
			     ,  ZIP
			     ,  FRST_REGIST_PNTTM
			     ,  FRST_REGISTER_ID
			     ,  LAST_UPDT_PNTTM
			     ,  LAST_UPDUSR_ID
			     )
			VALUES
			     (  #rdmnCode#
			     ,  #sn#
			     ,  #ctprvnNm#
			     ,  #signguNm#
			     ,  #rdmn#
			     ,  #bdnbrMnnm#
			     ,  #bdnbrSlno#
			     ,  #buldNm#
			     ,  #detailBuldNm#
			     ,  #zip#
			     ,  SYSDATE
			     ,  #frstRegisterId#
			     ,  SYSDATE
			     ,  #frstRegisterId#
			     )
		]]>
	</insert>

	<insert id="RdnmadZipDAO.insertExcelZip">
		<![CDATA[
			INSERT
			  INTO  COMTRDNMADRZIP
			     (  RDMN_CODE
			     ,  SN
			     ,  CTPRVN_NM
			     ,  SIGNGU_NM
			     ,  RDMN
			     ,  BDNBR_MNNM
			     ,  BDNBR_SLNO
			     ,  BULD_NM
			     ,  DETAIL_BULD_NM
			     ,  ZIP
			     ,  FRST_REGIST_PNTTM
			     ,  FRST_REGISTER_ID
			     ,  LAST_UPDT_PNTTM
			     ,  LAST_UPDUSR_ID
			     )
			VALUES
			     (  #rdmnCode#
			     ,  #sn#
			     ,  #ctprvnNm#
			     ,  #signguNm#
			     ,  #rdmn#
			     ,  #bdnbrMnnm#
			     ,  #bdnbrSlno#
			     ,  #buldNm#
			     ,  #detailBuldNm#
			     ,  #zip#
			     ,  SYSDATE
			     ,  #frstRegisterId#
			     ,  SYSDATE
			     ,  #frstRegisterId#
			     )
		]]>
	</insert>

	<update id="RdnmadZipDAO.updateZip">
		<![CDATA[
            UPDATE  COMTRDNMADRZIP
               SET  CTPRVN_NM       = #ctprvnNm#
                 ,  SIGNGU_NM       = #signguNm#
                 ,  RDMN          	= #rdmn#
                 ,  BDNBR_MNNM      = #bdnbrMnnm#
                 ,  BDNBR_SLNO      = #bdnbrSlno#
                 ,  BULD_NM      	= #buldNm#
                 ,  DETAIL_BULD_NM	= #detailBuldNm#
                 ,  ZIP      		= #zip#
                 ,  LAST_UPDT_PNTTM = sysdate
                 ,  LAST_UPDUSR_ID  = #lastUpdusrId#
             WHERE  RDMN_CODE       = #rdmnCode#
               AND  SN              = #sn#
		]]>
	</update>

	<delete id="RdnmadZipDAO.deleteZip">
		<![CDATA[
            DELETE
              FROM  COMTRDNMADRZIP
             WHERE  RDMN_CODE = #rdmnCode#
               AND  SN = #sn#
		]]>
	</delete>

	<delete id="RdnmadZipDAO.deleteAllZip">
		<![CDATA[
            DELETE
              FROM  COMTRDNMADRZIP
		]]>
	</delete>

</sqlMap>