<?xml version="1.0" encoding="UTF-8"?>
<!DOCTYPE sqlMap PUBLIC "-//iBATIS.com//DTD SQL Map 2.0//EN" "http://www.ibatis.com/dtd/sql-map-2.dtd">
<!--
	수정일          수정자                          수정내용
  ===========      ========    =================================================
  2011.10.06		이기하     	 	보안 취약점 점검사항 반영 $->#변경
-->
<sqlMap namespace="ZipManage">

	<typeAlias  alias="egovMap" type="org.egovframe.rte.psl.dataaccess.util.EgovMap"/>
	<typeAlias  alias="Zip"     type="egovframework.com.sym.ccm.zip.service.Zip"/>
	<typeAlias  alias="ZipVO"   type="egovframework.com.sym.ccm.zip.service.ZipVO"/>

	<select id="ZipManageDAO.selectZipList" parameterClass="ZipVO" resultClass="egovMap">
		<![CDATA[
			SELECT  ZIP
			     ,  SN
			     ,  CTPRVN_NM
			     ,  SIGNGU_NM
			     ,  EMD_NM
			     ,  LI_BULD_NM
			     ,  LNBR_DONG_HO
			  FROM  COMTCZIP
			 WHERE	1 = 1
		]]>
			<isEqual prepend="AND" property="searchCondition" compareValue="1">
				<![CDATA[ZIP LIKE CONCAT ('%', #searchKeyword#,'%')]]>
			</isEqual>
			<isEqual prepend="AND" property="searchCondition" compareValue="2">
				<![CDATA[CTPRVN_NM LIKE CONCAT ('%', #searchKeyword#,'%')]]>
			</isEqual>
			<isEqual prepend="AND" property="searchCondition" compareValue="3">
				<![CDATA[SIGNGU_NM LIKE CONCAT ('%', #searchKeyword#,'%')]]>
			</isEqual>
			<isEqual prepend="AND" property="searchCondition" compareValue="4">
				<![CDATA[EMD_NM LIKE CONCAT ('%', #searchKeyword#,'%')]]>
			</isEqual>
			<isEqual prepend="AND" property="searchCondition" compareValue="5">
				<![CDATA[LI_BULD_NM LIKE CONCAT ('%', #searchKeyword#,'%')]]>
			</isEqual>
			 LIMIT  #recordCountPerPage# OFFSET #firstIndex#
	</select>

	<select id="ZipManageDAO.selectZipListTotCnt" parameterClass="ZipVO" resultClass="int">
		<![CDATA[
			SELECT  COUNT(*) totcnt
			  FROM  COMTCZIP
			 WHERE	1 = 1
		]]>
			<isEqual prepend="AND" property="searchCondition" compareValue="1">
				<![CDATA[ZIP LIKE CONCAT ('%', #searchKeyword#,'%')]]>
			</isEqual>
			<isEqual prepend="AND" property="searchCondition" compareValue="2">
				<![CDATA[CTPRVN_NM LIKE CONCAT('%', #searchKeyword#, '%')]]>
			</isEqual>
			<isEqual prepend="AND" property="searchCondition" compareValue="3">
				<![CDATA[SIGNGU_NM LIKE CONCAT('%', #searchKeyword#, '%')]]>
			</isEqual>
			<isEqual prepend="AND" property="searchCondition" compareValue="4">
				<![CDATA[EMD_NM LIKE CONCAT('%', #searchKeyword#, '%')]]>
			</isEqual>
			<isEqual prepend="AND" property="searchCondition" compareValue="5">
				<![CDATA[LI_BULD_NM LIKE CONCAT('%', #searchKeyword#, '%')]]>
			</isEqual>
	</select>

	<select id="ZipManageDAO.selectZipDetail" parameterClass="Zip" resultClass="Zip">
		<![CDATA[
			SELECT  ZIP           zip
			     ,  SN            sn
			     ,  CTPRVN_NM     ctprvnNm
			     ,  SIGNGU_NM     signguNm
			     ,  EMD_NM        emdNm
			     ,  LI_BULD_NM    liBuldNm
			     ,  LNBR_DONG_HO  lnbrDongHo
			  FROM  COMTCZIP
             WHERE  ZIP = #zip#
               AND  SN  = #sn#
		]]>
	</select>

	<insert id="ZipManageDAO.insertZip">
		<selectKey resultClass="int" keyProperty="sn">
			SELECT  MAX(SN)+1	sn
			  FROM  COMTCZIP
	    </selectKey>

		<![CDATA[
			INSERT
			  INTO  COMTCZIP
			     (  ZIP
			     ,  SN
			     ,  CTPRVN_NM
			     ,  SIGNGU_NM
			     ,  EMD_NM
			     ,  LI_BULD_NM
			     ,  LNBR_DONG_HO
			     ,  FRST_REGIST_PNTTM
			     ,  FRST_REGISTER_ID
			     ,  LAST_UPDT_PNTTM
			     ,  LAST_UPDUSR_ID
			     )
			VALUES
			     (  #zip#
			     ,  #sn#
			     ,  #ctprvnNm#
			     ,  #signguNm#
			     ,  #emdNm#
			     ,  #liBuldNm#
			     ,  #lnbrDongHo#
			     ,  SYSDATE()
			     ,  #frstRegisterId#
			     ,  SYSDATE()
			     ,  #frstRegisterId#
			     )
		]]>
	</insert>

	<insert id="ZipManageDAO.insertExcelZip">
		<![CDATA[
			INSERT
			  INTO  COMTCZIP
			     (  ZIP
			     ,  SN
			     ,  CTPRVN_NM
			     ,  SIGNGU_NM
			     ,  EMD_NM
			     ,  LI_BULD_NM
			     ,  LNBR_DONG_HO
			     ,  FRST_REGIST_PNTTM
			     ,  FRST_REGISTER_ID
			     ,  LAST_UPDT_PNTTM
			     ,  LAST_UPDUSR_ID
			     )
			VALUES
			     (  #zip#
			     ,  #sn#
			     ,  #ctprvnNm#
			     ,  #signguNm#
			     ,  #emdNm#
			     ,  #liBuldNm#
			     ,  #lnbrDongHo#
			     ,  SYSDATE()
			     ,  #frstRegisterId#
			     ,  SYSDATE()
			     ,  #frstRegisterId#
			     )
		]]>
	</insert>

	<update id="ZipManageDAO.updateZip">
		<![CDATA[
            UPDATE  COMTCZIP
               SET  CTPRVN_NM         = #ctprvnNm#
                 ,  SIGNGU_NM         = #signguNm#
                 ,  EMD_NM            = #emdNm#
                 ,  LI_BULD_NM        = #liBuldNm#
                 ,  LNBR_DONG_HO      = #lnbrDongHo#
                 ,  LAST_UPDT_PNTTM = sysdate()
                 ,  LAST_UPDUSR_ID    = #lastUpdusrId#
             WHERE  ZIP               = #zip#
               AND  SN                = #sn#
		]]>
	</update>

	<delete id="ZipManageDAO.deleteZip">
		<![CDATA[
            DELETE
              FROM  COMTCZIP
             WHERE  ZIP = #zip#
		]]>
	</delete>

	<delete id="ZipManageDAO.deleteAllZip">
		<![CDATA[
            DELETE
              FROM  COMTCZIP
		]]>
	</delete>

</sqlMap>