<?xml version="1.0" encoding="UTF-8"?>
<!DOCTYPE sqlMap PUBLIC "-//iBATIS.com//DTD SQL Map 2.0//EN" "http://www.ibatis.com/dtd/sql-map-2.dtd">
<!-- 
	수정일                 수정자                          수정내용
  =========     =======    =================================================
  2011.9.5   	정진오     	 	QnaManageDAO.selectQnaList와 QnaManageDAO.selectQnaAnswerList에 Alias 추가
  							FRST_REGIST_PNTTM ->  	FRST_REGISTER_PNTTM
							LAST_UPDT_PNTTM -> 		LAST_UPDUSR_PNTTM 
							RDCNT ->				INQIRE_CO 							
-->
<sqlMap namespace="QnaManage">

	<typeAlias  alias="egovMap" type="org.egovframe.rte.psl.dataaccess.util.EgovMap"/>
	<typeAlias  alias="QnaManageSearchVO" type="egovframework.com.uss.olh.qna.service.QnaManageDefaultVO"/>

	<resultMap id="QnaManage" class="egovframework.com.uss.olh.qna.service.QnaManageVO">
		<result property="qaId" 				column="QA_ID" 				columnIndex="1"/>
		<result property="qestnSj" 				column="QESTN_SJ" 			columnIndex="2"/>
		<result property="qestnCn" 				column="QESTN_CN" 			columnIndex="3"/>
		<result property="writngPassword" 		column="WRITNG_PASSWORD" 	columnIndex="4"/>
		<result property="areaNo" 				column="AREA_NO" 			columnIndex="5"/>
		<result property="middleTelno" 			column="MIDDLE_TELNO" 		columnIndex="6"/>
		<result property="endTelno" 			column="END_TELNO" 			columnIndex="7"/>
		<result property="emailAdres" 			column="EMAIL_ADRES" 		columnIndex="8"/>
		<result property="emailAnswerAt" 	    column="EMAIL_ANSWER_AT" 	columnIndex="9"/>
		<result property="wrterNm" 				column="WRTER_NM" 			columnIndex="10"/>
		<result property="writngDe" 			column="WRITNG_DE" 			columnIndex="11"/>
		<result property="inqireCo" 			column="RDCNT" 			columnIndex="12"/>
		<result property="qnaProcessSttusCode" 	column="QNA_PROCESS_STTUS_CODE" 	columnIndex="13"/>
		<result property="qnaProcessSttusCodeNm" column="QNA_PROCESS_STTUS_CODE_NM" columnIndex="14"/>
		<result property="answerCn" 			column="ANSWER_CN" 			columnIndex="15"/>
		<result property="answerDe" 			column="ANSWER_DE" 			columnIndex="16"/>

		<result property="emplyrNm" 			column="USER_NM" 			columnIndex="17"/>
		<result property="offmTelno" 			column="OFFM_TELNO" 		columnIndex="18"/>
		<result property="aemailAdres" 			column="AEMAIL_ADRES" 		columnIndex="19"/>
		<result property="orgnztNm" 			column="ORGNZT_NM" 			columnIndex="20"/>


		<result property="frstRegisterPnttm" 	column="FRST_REGIST_PNTTM" 	columnIndex="21"/>
		<result property="frstRegisterId" 		column="FRST_REGISTER_ID" 		columnIndex="22"/>
		<result property="lastUpdusrPnttm" 		column="LAST_UPDT_PNTTM" 		columnIndex="23"/>
		<result property="lastUpdusrId" 		column="LAST_UPDUSR_ID" 		columnIndex="24"/>
	</resultMap>

	<select id="QnaManageDAO.selectQnaListDetail" resultMap="QnaManage">
		<![CDATA[
			SELECT 	C.QA_ID, C.QESTN_SJ, C.QESTN_CN, C.WRITNG_PASSWORD, C.AREA_NO, C.MIDDLE_TELNO, C.END_TELNO,
					C.EMAIL_ADRES, C.EMAIL_ANSWER_AT, C.WRTER_NM, C.WRITNG_DE, C.ANSWER_CN, C.ANSWER_DE, C.RDCNT,
					C.QNA_PROCESS_STTUS_CODE, D.CODE_NM QNA_PROCESS_STTUS_CODE_NM,
					A.USER_NM, A.OFFM_TELNO, A.EMAIL_ADRES AEMAIL_ADRES, B.ORGNZT_NM ,
					TO_CHAR(C.FRST_REGIST_PNTTM,'YYYY-MM-DD') FRST_REGIST_PNTTM   , C.FRST_REGISTER_ID,
					TO_CHAR(C.LAST_UPDT_PNTTM,'YYYY-MM-DD')   LAST_UPDT_PNTTM	  , C.LAST_UPDUSR_ID
			FROM 	COMTNQAINFO C
			LEFT 	OUTER JOIN COMTCCMMNDETAILCODE D ON		D.CODE_ID ='COM028' 		AND C.QNA_PROCESS_STTUS_CODE = D.CODE
			LEFT 	OUTER JOIN COMTNEMPLYRINFO A     ON		A.ESNTL_ID= C.LAST_UPDUSR_ID
			LEFT 	OUTER JOIN COMTNORGNZTINFO B     ON		A.ORGNZT_ID = B.ORGNZT_ID
			WHERE	QA_ID=#qaId#
		]]>
	</select>

	<select id="QnaManageDAO.selectQnaList" parameterClass="QnaManageSearchVO" resultClass="egovMap">
		<![CDATA[
			SELECT QA_ID,
				   QESTN_SJ,
				   QESTN_CN,
				   WRITNG_PASSWORD,
				   AREA_NO,
				   MIDDLE_TELNO,
				   END_TELNO,
				   EMAIL_ADRES,
				   EMAIL_ANSWER_AT,
				   WRTER_NM,
				   WRITNG_DE,
				   ANSWER_CN,
				   ANSWER_DE,
				   RDCNT						INQIRE_CO,
				   QNA_PROCESS_STTUS_CODE,
				   QNA_PROCESS_STTUS_CODE_NM,
				   FRST_REGIST_PNTTM 			FRST_REGISTER_PNTTM,
				   FRST_REGISTER_ID,
				   LAST_UPDT_PNTTM				LAST_UPDUSR_PNTTM,
				   LAST_UPDUSR_ID
			FROM
				   (
				   SELECT  ROWNUM RNUM,QNA.*
				   FROM
				   	   	  (
				   		   SELECT 	QA_ID, QESTN_SJ, QESTN_CN, WRITNG_PASSWORD, AREA_NO, MIDDLE_TELNO, END_TELNO,
						   			EMAIL_ADRES, EMAIL_ANSWER_AT, WRTER_NM, WRITNG_DE, ANSWER_CN, ANSWER_DE, RDCNT,
									QNA_PROCESS_STTUS_CODE, B.CODE_NM QNA_PROCESS_STTUS_CODE_NM,
									A.FRST_REGIST_PNTTM , A.FRST_REGISTER_ID,
									A.LAST_UPDT_PNTTM   , A.LAST_UPDUSR_ID
						   FROM 	COMTNQAINFO A
						   LEFT OUTER JOIN COMTCCMMNDETAILCODE B
						   ON		B.CODE_ID ='COM028' AND A.QNA_PROCESS_STTUS_CODE = B.CODE
						   WHERE	1=1
		]]>
			<isEqual prepend="AND" property="searchCondition" compareValue="wrterNm">
				<![CDATA[WRTER_NM LIKE '%' || #searchKeyword# || '%']]>
			</isEqual>
			<isEqual prepend="AND" property="searchCondition" compareValue="qestnSj">
				<![CDATA[QESTN_SJ LIKE '%' || #searchKeyword# || '%']]>
			</isEqual>
		<![CDATA[
							ORDER BY QA_ID DESC
						  ) QNA
				   ) Z
			WHERE ROWNUM <= #recordCountPerPage# and RNUM > #firstIndex#
		]]>
	</select>

	<select id="QnaManageDAO.selectQnaListTotCnt" parameterClass="QnaManageSearchVO" resultClass="int">
		<![CDATA[
			SELECT 	COUNT(*) totcnt
			FROM 	COMTNQAINFO
			WHERE 	1=1
		]]>
			<isEqual prepend="AND" property="searchCondition" compareValue="wrterNm">
				<![CDATA[WRTER_NM LIKE '%' || #searchKeyword# || '%']]>
			</isEqual>
			<isEqual prepend="AND" property="searchCondition" compareValue="qestnSj">
				<![CDATA[QESTN_SJ LIKE '%' || #searchKeyword# || '%']]>
			</isEqual>
	</select>

	<insert id="QnaManageDAO.insertQnaCn">
		<![CDATA[
			INSERT INTO COMTNQAINFO
				   (QA_ID
				  , QESTN_SJ
				  , QESTN_CN
				  , WRITNG_PASSWORD
				  , AREA_NO
				  , MIDDLE_TELNO
				  , END_TELNO
				  ,	EMAIL_ADRES
				  , EMAIL_ANSWER_AT
				  , WRTER_NM
				  , WRITNG_DE
				  , RDCNT
				  , QNA_PROCESS_STTUS_CODE
				  , FRST_REGIST_PNTTM
				  , FRST_REGISTER_ID )
			VALUES ( #qaId#
				  , #qestnSj#
				  , #qestnCn#
				  , #writngPassword#
				  , #areaNo#
				  , #middleTelno#
				  , #endTelno#
				  , #emailAdres#
				  , #emailAnswerAt#
				  , #wrterNm#
				  , TO_CHAR(sysdate,'YYYYMMDD')
				  , 0
				  , 1
				  , SYSDATETIME
				  , #frstRegisterId#)
		]]>
	</insert>

	<update id="QnaManageDAO.updateQnaInqireCo">
		<![CDATA[
			UPDATE	COMTNQAINFO	SET
				    RDCNT= NVL(RDCNT,0) + 1
 			WHERE  QA_ID=#qaId#
		]]>
	</update>

	<select id="QnaManageDAO.selectQnaPasswordConfirmCnt" resultClass="int">
		<![CDATA[
			SELECT 	COUNT(*) totcnt
			FROM 	COMTNQAINFO
			WHERE	QA_ID=#qaId#
			AND		WRITNG_PASSWORD=#writngPassword#
		]]>
	</select>

	<update id="QnaManageDAO.updateQnaCn">
		<![CDATA[
			UPDATE	COMTNQAINFO	SET
				  	QESTN_SJ=#qestnSj#
				  , QESTN_CN=#qestnCn#
				  , WRITNG_PASSWORD=#writngPassword#
				  , AREA_NO=#areaNo#
				  , MIDDLE_TELNO=#middleTelno#
				  , END_TELNO=#endTelno#
				  ,	EMAIL_ADRES=#emailAdres#
				  , EMAIL_ANSWER_AT=NVL(#emailAnswerAt#,'N')
				  , WRTER_NM=#wrterNm#
				  , WRITNG_DE=TO_CHAR(sysdate,'YYYYMMDD')
				  , FRST_REGIST_PNTTM=SYSDATETIME
				  , FRST_REGISTER_ID=#frstRegisterId#
			WHERE  QA_ID=#qaId#
		]]>
	</update>

	<delete id="QnaManageDAO.deleteQnaCn">
		<![CDATA[
			DELETE FROM COMTNQAINFO
			WHERE  QA_ID=#qaId#
		]]>
	</delete>

	<select id="QnaManageDAO.selectQnaAnswerListDetail" resultMap="QnaManage">
		<![CDATA[
			SELECT 	C.QA_ID, C.QESTN_SJ, C.QESTN_CN, C.WRITNG_PASSWORD, C.AREA_NO, C.MIDDLE_TELNO, C.END_TELNO,
					C.EMAIL_ADRES, C.EMAIL_ANSWER_AT, C.WRTER_NM, C.WRITNG_DE, C.ANSWER_CN, C.ANSWER_DE, C.RDCNT,
					C.QNA_PROCESS_STTUS_CODE, D.CODE_NM QNA_PROCESS_STTUS_CODE_NM,
					A.USER_NM, A.OFFM_TELNO, A.EMAIL_ADRES AEMAIL_ADRES, B.ORGNZT_NM ,
					TO_CHAR(C.FRST_REGIST_PNTTM,'YYYY-MM-DD') FRST_REGIST_PNTTM   , C.FRST_REGISTER_ID,
					TO_CHAR(C.LAST_UPDT_PNTTM,'YYYY-MM-DD')   LAST_UPDT_PNTTM	    , C.LAST_UPDUSR_ID
			FROM 	COMTNQAINFO C
			LEFT 	OUTER JOIN COMTCCMMNDETAILCODE D ON		D.CODE_ID ='COM028' 		AND C.QNA_PROCESS_STTUS_CODE = D.CODE
			LEFT 	OUTER JOIN COMTNEMPLYRINFO A     ON		A.ESNTL_ID= C.LAST_UPDUSR_ID
			LEFT 	OUTER JOIN COMTNORGNZTINFO B     ON		A.ORGNZT_ID = B.ORGNZT_ID
			WHERE	QA_ID=#qaId#
		]]>
	</select>

	<select id="QnaManageDAO.selectQnaAnswerList" parameterClass="QnaManageSearchVO" resultClass="egovMap">
		<![CDATA[
			SELECT QA_ID,
				   QESTN_SJ,
				   QESTN_CN,
				   WRITNG_PASSWORD,
				   AREA_NO,
				   MIDDLE_TELNO,
				   END_TELNO,
				   EMAIL_ADRES,
				   EMAIL_ANSWER_AT,
				   WRTER_NM,
				   WRITNG_DE,
				   ANSWER_CN,
				   ANSWER_DE,
				   RDCNT 						INQIRE_CO,
				   QNA_PROCESS_STTUS_CODE,
				   QNA_PROCESS_STTUS_CODE_NM,
				   FRST_REGIST_PNTTM 			FRST_REGISTER_PNTTM,
				   FRST_REGISTER_ID,
				   LAST_UPDT_PNTTM  			LAST_UPDUSR_PNTTM,
				   LAST_UPDUSR_ID
			FROM
				   (
				   SELECT  ROWNUM RNUM,QNA.*
				   FROM
				   	   	  (
				   		   SELECT 	QA_ID, QESTN_SJ, QESTN_CN, WRITNG_PASSWORD, AREA_NO, MIDDLE_TELNO, END_TELNO,
						   			EMAIL_ADRES, EMAIL_ANSWER_AT, WRTER_NM, WRITNG_DE, ANSWER_CN, ANSWER_DE, RDCNT,
									QNA_PROCESS_STTUS_CODE, B.CODE_NM QNA_PROCESS_STTUS_CODE_NM,
									A.FRST_REGIST_PNTTM , A.FRST_REGISTER_ID,
									A.LAST_UPDT_PNTTM   , A.LAST_UPDUSR_ID
						   FROM 	COMTNQAINFO A
						   LEFT OUTER JOIN COMTCCMMNDETAILCODE B
						   ON		B.CODE_ID ='COM028' AND A.QNA_PROCESS_STTUS_CODE = B.CODE
						   WHERE	1=1
		]]>
			<isEqual prepend="AND" property="searchCondition" compareValue="wrterNm">
				<![CDATA[WRTER_NM LIKE '%' || #searchKeyword# || '%']]>
			</isEqual>
			<isEqual prepend="AND" property="searchCondition" compareValue="qnaProcessSttusCodeNm">
				<![CDATA[CODE_NM LIKE '%' || #searchKeyword# || '%']]>
			</isEqual>
		<![CDATA[
							ORDER BY QESTN_SJ DESC
						  ) QNA
				   ) Z
			WHERE ROWNUM <= #recordCountPerPage# and RNUM > #firstIndex#
		]]>
	</select>

	<select id="QnaManageDAO.selectQnaAnswerListTotCnt" parameterClass="QnaManageSearchVO" resultClass="int">
		<![CDATA[
			SELECT 	COUNT(*) totcnt
			FROM 	COMTNQAINFO
			WHERE 	1=1
		]]>
			<isEqual prepend="AND" property="searchCondition" compareValue="wrterNm">
				<![CDATA[WRTER_NM LIKE '%' || #searchKeyword# || '%']]>
			</isEqual>
			<isEqual prepend="AND" property="searchCondition" compareValue="qnaProcessSttusCodeNm">
				<![CDATA[QNA_PROCESS_STTUS_CODE_NM LIKE '%' || #searchKeyword# || '%']]>
			</isEqual>
	</select>

	<update id="QnaManageDAO.updateQnaCnAnswer">
		<![CDATA[
			UPDATE	COMTNQAINFO	SET
				  	QNA_PROCESS_STTUS_CODE=#qnaProcessSttusCode#
				  , ANSWER_CN=#answerCn#
				  , ANSWER_DE=TO_CHAR(sysdate,'YYYYMMDD')
				  , LAST_UPDT_PNTTM=SYSDATETIME
				  , LAST_UPDUSR_ID=#lastUpdusrId#
			WHERE  QA_ID=#qaId#
		]]>
	</update>

	<delete id="QnaManageDAO.deleteQnaCnAnswer">
		<![CDATA[
			DELETE FROM COMTNQAINFO
			WHERE  QA_ID=#qaId#
		]]>
	</delete>


</sqlMap>
