<?xml version="1.0" encoding="UTF-8"?>
<!DOCTYPE sqlMap PUBLIC "-//ibatis.apache.org//DTD SQL Map 2.0//EN" "http://ibatis.apache.org/dtd/sql-map-2.dtd">
<!--
	수정일		수정자					수정내용
  =========     =======    =================================================
  2011.8.24   	이기하     	 	테이블 표준화에 따른 수정사항 반영
  							QUSTNR_RESPOND_ID 를			QESTNR_RESPOND_ID 로 변경
							QUSTNR_TMPLAT_ID 를 			QESTNR_TMPLAT_ID 로 변경
							FRST_REGIST_PNTTM 를			FRST_REGISTER_PNTTM 로 변경
  2011.10.05	정진오		보안 취약점 점검사항에 따른 수정사항 반영
  							$searchKeyword$를	 #searchKeyword# 로 변경
  							$searchCondition$는 <isEqual property="searchCondition" compareValue="선택조건명">으로 수정							
-->
<sqlMap namespace="QustnrRespondManage">

	<typeAlias  alias="egovMap" type="org.egovframe.rte.psl.dataaccess.util.EgovMap"/>
	<typeAlias  alias="comDefaultVO" type="egovframework.com.cmm.ComDefaultVO"/>
	<typeAlias  alias="QustnrRespondManageVO" type="egovframework.com.uss.olp.qrm.service.QustnrRespondManageVO"/>

	<!-- 응답자결과(설문조사)::삭제  -->
	<delete id="QustnrRespondManage.deleteQustnrRespondManage">
		<![CDATA[
			DELETE FROM COMTNQUSTNRRESPONDINFO
			WHERE 1=1
			AND QUSTNR_RESPOND_ID = #qestnrRespondId#
		]]>
	</delete>

	<!-- 응답자결과(설문조사)::수정  -->
	<update id="QustnrRespondManage.updateQustnrRespondManage">
		UPDATE COMTNQUSTNRRESPONDINFO
		SET
			SEXDSTN_CODE=#sexdstnCode#,
			OCCP_TY_CODE=#occpTyCode#,
			RESPOND_NM=#respondNm#,
			BRTHDY=#brth#,
			AREA_NO=#areaNo#,
			MIDDLE_TELNO=#middleTelno#,
			END_TELNO=#endTelno#,
			LAST_UPDT_PNTTM = sysdate,
			LAST_UPDUSR_ID = #lastUpdusrId#
		WHERE 1=1
			AND QUSTNR_RESPOND_ID = #qestnrRespondId#
	</update>

	<!-- 응답자결과(설문조사)::상세보기 -->
	<select id="QustnrRespondManage.selectQustnrRespondManageDetail" parameterClass="QustnrRespondManageVO" resultClass="egovMap">
		SELECT
			(
			SELECT QUSTNR_SJ FROM COMTNQESTNRINFO
			WHERE 1=1
			AND QESTNR_ID = A.QESTNR_ID
			) QESTNR_SJ,
			A.QESTNR_ID,
			A.QUSTNR_RESPOND_ID	    QESTNR_RESPOND_ID,
			A.SEXDSTN_CODE,
			A.OCCP_TY_CODE,
			A.RESPOND_NM,
			A.BRTHDY,
			A.AREA_NO,
			A.MIDDLE_TELNO,
			A.END_TELNO,
			A.QUSTNR_TMPLAT_ID	 QESTNR_TMPLAT_ID,
			A.FRST_REGIST_PNTTM	 FRST_REGISTER_PNTTM,
			A.FRST_REGISTER_ID,
			A.LAST_UPDT_PNTTM,
			A.LAST_UPDUSR_ID
		FROM COMTNQUSTNRRESPONDINFO A
		WHERE 1=1
			AND QUSTNR_RESPOND_ID = #qestnrRespondId#

	</select>

	<!-- 응답자결과(설문조사)::목록조회_게시물정보 -->
	<select id="QustnrRespondManage.selectQustnrRespondManage" parameterClass="comDefaultVO" resultClass="egovMap">
	<![CDATA[
	SELECT *
	FROM (
	SELECT T0.*, ROWNUM RNUM
		FROM (
	]]>
	 <![CDATA[
		SELECT
			(
			SELECT QUSTNR_SJ FROM COMTNQESTNRINFO
			WHERE 1=1
			AND QESTNR_ID = A.QESTNR_ID
			) QESTNR_SJ,
			A.QESTNR_ID,
			A.QUSTNR_RESPOND_ID	    QESTNR_RESPOND_ID,
			A.SEXDSTN_CODE,
			A.OCCP_TY_CODE,
			A.RESPOND_NM,
			A.BRTHDY,
			A.AREA_NO,
			A.MIDDLE_TELNO,
			A.END_TELNO,
			A.QUSTNR_TMPLAT_ID	 QESTNR_TMPLAT_ID,
			A.FRST_REGIST_PNTTM	 FRST_REGISTER_PNTTM,
			A.FRST_REGISTER_ID,
			(SELECT USER_NM FROM COMTNEMPLYRINFO WHERE ESNTL_ID = A.FRST_REGISTER_ID) FRST_REGISTER_NM,
			A.LAST_UPDT_PNTTM,
			A.LAST_UPDUSR_ID
		FROM COMTNQUSTNRRESPONDINFO A
		WHERE 1=1
	 ]]>
	 <isNotEmpty property="searchKeyword">
	 	<isNotEqual property="searchKeyword" compareValue="">
	 		<isEqual property="searchCondition" compareValue="RESPOND_NM">
	 			AND RESPOND_NM LIKE '%' || #searchKeyword# || '%'
	 		</isEqual>
	 		<isEqual property="searchCondition" compareValue="BRTH">
	 			AND BRTHDY LIKE '%' || #searchKeyword# || '%'
	 		</isEqual>
	 	</isNotEqual>
	 </isNotEmpty>
	 <![CDATA[
		ORDER BY A.FRST_REGIST_PNTTM DESC
	]]>
	<![CDATA[
		) T0
	)
	WHERE RNUM BETWEEN #firstIndex# + 1 AND #firstIndex# + #recordCountPerPage#
	]]>
	</select>

	<!-- 응답자결과(설문조사)::목록조회_게시물 총갯수  -->
	<select id="QustnrRespondManage.selectQustnrRespondManageCnt" parameterClass="comDefaultVO" resultClass="int">
		SELECT
		COUNT(*) totcnt
		FROM COMTNQUSTNRRESPONDINFO
		WHERE 1=1
	 <isNotEmpty property="searchKeyword">
	 	<isNotEqual property="searchKeyword" compareValue="">
	 		<isEqual property="searchCondition" compareValue="RESPOND_NM">
	 			AND RESPOND_NM LIKE '%' || #searchKeyword# || '%'
	 		</isEqual>
	 		<isEqual property="searchCondition" compareValue="BRTH">
	 			AND BRTHDY LIKE '%' || #searchKeyword# || '%'
	 		</isEqual>
	 	</isNotEqual>
	 </isNotEmpty>
	</select>

	<!-- 응답자결과(설문조사)::입력  -->
	<insert id="QustnrRespondManage.insertQustnrRespondManage">
	 <![CDATA[

		INSERT INTO COMTNQUSTNRRESPONDINFO (
			QESTNR_ID,
			QUSTNR_RESPOND_ID,
			SEXDSTN_CODE,
			OCCP_TY_CODE,
			RESPOND_NM,
			BRTHDY,
			AREA_NO,
			MIDDLE_TELNO,
			END_TELNO,
			QUSTNR_TMPLAT_ID,
			FRST_REGIST_PNTTM,
			FRST_REGISTER_ID,
			LAST_UPDT_PNTTM,
			LAST_UPDUSR_ID
		)VALUES(
			#qestnrId#,
			#qestnrRespondId#,
			#sexdstnCode#,
			#occpTyCode#,
			#respondNm#,
			#brth#,
			#areaNo#,
			#middleTelno#,
			#endTelno#,
			#qestnrTmplatId#,
			sysdate,
			#frstRegisterId#,
			sysdate,
			#lastUpdusrId#
		)

	 ]]>
	</insert>


</sqlMap>