<?xml version="1.0" encoding="UTF-8"?>
<!DOCTYPE sqlMap PUBLIC "-//iBATIS.com//DTD SQL Map 2.0//EN" "http://www.ibatis.com/dtd/sql-map-2.dtd">

<sqlMap namespace="Sync">
	<typeAlias  alias="egovMap" type="org.egovframe.rte.psl.dataaccess.util.EgovMap"/>
	<typeAlias  alias="SyncVO" type="egovframework.mbl.com.syn.service.SyncVO"/>	

	<resultMap id="Sync" class="egovframework.mbl.com.syn.service.Sync">
		<result property="sn" column="SN" columnIndex="1"/>
		<result property="mberId" column="MBER_ID" columnIndex="2"/>
		<result property="syncSj" column="SYNC_SJ" columnIndex="3"/>
		<result property="syncCn" column="SYNC_CN" columnIndex="4"/>		
		<result property="syncDt" column="SYNC_DT" columnIndex="5"/>
		<result property="creatDt" column="CREAT_DT" columnIndex="6"/>
		<result property="updtDt" column="UPDT_DT" columnIndex="7"/>
	</resultMap>
	
	<!-- 동기화 서비스 글 목록 Total count -->
	<select id="SyncDAO.selectSyncTotCnt" resultClass="java.lang.Integer">
	<![CDATA[
		SELECT COUNT(A.SN) AS TOT_CNT
		  FROM COMTNSYNC A
		 WHERE 1 = 1		   
	]]>
		<isEqual  prepend="AND" property="searchCondition" compareValue="mberId">
		<![CDATA[
			A.MBER_ID LIKE '%' || #searchKeyword# || '%'
		]]>
		</isEqual>
		<isEqual  prepend="AND" property="searchCondition" compareValue="syncSj">
		<![CDATA[
			A.SYNC_SJ LIKE '%' || #searchKeyword#, '%'	
		]]>
		</isEqual>
		<isEqual  prepend="AND" property="searchCondition" compareValue="syncAll">
		<![CDATA[
			(A.MBER_ID LIKE '%' || #searchKeyword# || '%)) OR (A.SYNC_SJ LIKE '%' || #searchKeyword# || '%') OR (A.SYNC_CN LIKE '%' || #searchKeyword# || '%')	
		]]>
		</isEqual>
	</select>
	
	<!-- 동기화 서비스 목록 조회 -->
	<select id="SyncDAO.selectSyncList" resultMap="Sync">
	<![CDATA[	
	SELECT  * 
       	FROM  (
    SELECT ROWNUM RNUM, ALL_LIST.* 
       	FROM  (	
		
	SELECT A.*
	  FROM (	
		SELECT A.SN,
		       A.MBER_ID,
		       A.SYNC_SJ,
		       A.SYNC_CN,
		       TO_CHAR( A.SYNC_DT, 'YYYY-MM-DD') AS SYNC_DT,
		       TO_CHAR( A.CREAT_DT, 'YYYY-MM-DD') AS CREAT_DT,
		       TO_CHAR( A.UPDT_DT, 'YYYY-MM-DD') AS UPDT_DT
		FROM COMTNSYNC A
		WHERE 1 = 1
	]]>
	
		<isEqual  prepend="AND" property="searchCondition" compareValue="mberId">
		<![CDATA[
			A.MBER_ID LIKE '%' || #searchKeyword# || '%'	
		]]>
		</isEqual>
		<isEqual  prepend="AND" property="searchCondition" compareValue="syncSj">
		<![CDATA[
			A.SYNC_SJ LIKE '%' || #searchKeyword# || '%' 	
		]]>
		</isEqual>
		<isEqual  prepend="AND" property="searchCondition" compareValue="syncAll">
		<![CDATA[
			(A.MBER_ID LIKE '%' || #searchKeyword# || '%') OR (A.SYNC_SJ LIKE '%' || #searchKeyword# || '%') OR (A.SYNC_CN LIKE '%' || #searchKeyword# || '%')	
		]]>
		</isEqual>
		ORDER BY A.SN DESC
		) A
		<isNotEqual property="deviceType" compareValue="M">
		<![CDATA[
			ORDER BY SN DESC
                   ) ALL_LIST
                   )
            WHERE  RNUM  > #firstIndex#
              AND  RNUM <= #firstIndex# + #recordCountPerPage#
		]]>
		</isNotEqual>
		<isEqual property="deviceType" compareValue="M">
		<![CDATA[
			ORDER BY SN DESC
                   ) ALL_LIST
                   )
            WHERE  RNUM  > 0
              AND  RNUM <= #fetchRow#
		]]>
		</isEqual>
	</select>
	
	<!-- 동기화 서비스 글 상세 조회 -->
	<select id="SyncDAO.selectSync" resultMap="Sync">
	<![CDATA[		
		SELECT A.SN,
		       A.MBER_ID,
		       A.SYNC_SJ,
		       A.SYNC_CN,
		       CASE WHEN TO_CHAR(A.SYNC_DT) IS NULL THEN ''
		            ELSE TO_CHAR( A.SYNC_DT, 'YYYY-MM-DD') 
		        END AS SYNC_DT,
		       TO_CHAR( A.CREAT_DT, 'YYYY-MM-DD') AS CREAT_DT,
		       TO_CHAR( A.UPDT_DT, 'YYYY-MM-DD') AS UPDT_DT
		  FROM COMTNSYNC A
		 WHERE 1 = 1
		   AND A.SN = #sn#
	]]>
	</select>
	
	
	<!-- 동기화 서비스 신규 일련번호 -->
	<select id="SyncDAO.selectSyncNewSn" resultClass="java.lang.Integer">
	<![CDATA[
		SELECT CASE WHEN A.CNT = 0 THEN 1
                    ELSE (SELECT MAX(A.SN) + 1 
                            FROM COMTNSYNC A
                         )
                END AS SN 
  		  FROM (
		        SELECT COUNT(SN) AS CNT
		          FROM COMTNSYNC
               ) A
	]]>
	</select>	

	<!-- 동기화 서비스 글 등록 -->
	<insert id="SyncDAO.insertSync">
	<![CDATA[	
		INSERT INTO COMTNSYNC (
				SN,
				MBER_ID,
				SYNC_SJ,
				SYNC_CN,
				CREAT_DT,
				UPDT_DT
		) VALUES (
				#sn#,
				#mberId#,
				#syncSj#,
				#syncCn#,
				SYSDATE,
				SYSDATE
		)
	]]>
	</insert>
	
	<!-- 동기화서비스 글 삭제 -->
	<delete id="SyncDAO.deleteSync">
	<![CDATA[
		DELETE FROM COMTNSYNC
		 WHERE SN = #sn#
		]]>
	<isNotEqual property="mberId" compareValue="">
		  AND MBER_ID = #mberId#
	</isNotEqual>
	</delete>		
	
	<!-- 동기화서비스 글 수정 -->
	<update id="SyncDAO.updateSync">
	<![CDATA[
		UPDATE COMTNSYNC
		   SET MBER_ID = #mberId#,
			   SYNC_SJ = #syncSj#,
			   SYNC_CN = #syncCn#,
			   UPDT_DT = SYSDATE
		 WHERE SN=#sn#	   
		]]>
	<isNotEqual property="mberId" compareValue="">
		  AND MBER_ID = #mberId#
	</isNotEqual>
	</update>		

</sqlMap>
