<?xml version="1.0" encoding="UTF-8"?>
<beans xmlns="http://www.springframework.org/schema/beans" xmlns:xsi="http://www.w3.org/2001/XMLSchema-instance"
	xsi:schemaLocation="http://www.springframework.org/schema/beans http://www.springframework.org/schema/beans/spring-beans-4.0.xsd">

	<bean id="jobDetail" class="org.springframework.scheduling.quartz.JobDetailFactoryBean">
		<property name="jobClass" value="egovframework.example.bat.scheduler.support.EgovJobLauncherDetails" />
		<property name="group" value="quartz-batch" />
		<property name="jobDataAsMap">
			<map>
				<entry key="jobName" value="mybatisToDelimitedJob" />
				<entry key="jobLocator" value-ref="jobRegistry" />
				<entry key="jobLauncher" value-ref="jobLauncher" />
			</map>
		</property>
	</bean>
	
</beans>
