<?xml version="1.0" encoding="UTF-8"?>

<!DOCTYPE sqlMap PUBLIC "-//ibatis.apache.org//DTD SQL Map 2.0//EN" "http://ibatis.apache.org/dtd/sql-map-2.dtd">
<!--
	수정일		수정자					수정내용
  =========     =======    =================================================
  2011.8.24   	이기하     	 	테이블 표준화에 따른 수정사항 반영
  							QUSTNR_TMPLAT_ID 를			 	QESTNR_TMPLAT_ID 로 변경
							FRST_REGIST_PNTTM 를			FRST_REGISTER_PNTTM 로 변경
							QUSTNR_QESITM_ID 를				QESTNR_QESITM_ID 로 변경
							QUSTNR_SJ 를					QESTNR_SJ 로 변경
  2011.10.05	정진오		보안 취약점 점검사항에 따른 수정사항 반영
  							$searchKeyword$를	 #searchKeyword# 로 변경
  							$searchCondition$는 <isEqual property="searchCondition" compareValue="선택조건명">으로 수정
-->
<sqlMap namespace="QustnrItemManage">

	<typeAlias  alias="egovMap" type="org.egovframe.rte.psl.dataaccess.util.EgovMap"/>
	<typeAlias  alias="comDefaultVO" type="egovframework.com.cmm.ComDefaultVO"/>
	<typeAlias  alias="QustnrItemManageVO" type="egovframework.com.uss.olp.qim.service.QustnrItemManageVO"/>
	<!-- 설문정보::설문템플릿정보 -->
	<select id="QustnrItemManage.selectQustnrTmplatManage" parameterClass="QustnrItemManageVO" resultClass="egovMap">
		SELECT
		QUSTNR_TMPLAT_ID	 QESTNR_TMPLAT_ID,
		QUSTNR_TMPLAT_TY	 QESTNR_TMPLAT_TY
		FROM COMTNQUSTNRTMPLAT
	</select>

	<!-- 설문조사(설문결과) 삭제 -->
	<delete id="QustnrItemManage.deleteQustnrRespondInfo">
	DELETE FROM COMTNQUSTNRRSPNSRESULT WHERE QUSTNR_IEM_ID = #qustnrIemId#
	</delete>

	<!-- 설문정보::삭제  -->
	<delete id="QustnrItemManage.deleteQustnrItemManage">
		<![CDATA[
			DELETE FROM COMTNQUSTNRIEM
			WHERE QUSTNR_IEM_ID = #qustnrIemId#
		]]>
	</delete>

	<!-- 설문정보::수정  -->
	<update id="QustnrItemManage.updateQustnrItemManage">
		UPDATE COMTNQUSTNRIEM
		SET
			IEM_SN=#iemSn#,
			IEM_CN=#iemCn#,
			ETC_ANSWER_AT=#etcAnswerAt#,
			LAST_UPDT_PNTTM = sysdate(),
			LAST_UPDUSR_ID = #lastUpdusrId#
		WHERE QUSTNR_IEM_ID = #qustnrIemId#
	</update>

	<!-- 설문정보::상세보기 -->
	<select id="QustnrItemManage.selectQustnrItemManageDetail" parameterClass="QustnrItemManageVO" resultClass="egovMap">
		SELECT
			A.QUSTNR_QESITM_ID	    QESTNR_QESITM_ID,
			(SELECT QESTN_CN FROM COMTNQUSTNRQESITM WHERE QUSTNR_QESITM_ID = A.QUSTNR_QESITM_ID) QESTNR_QESITM_CN,
			A.QESTNR_ID,
			(SELECT QUSTNR_SJ FROM COMTNQESTNRINFO WHERE QESTNR_ID = A.QESTNR_ID) QESTNR_CN,
			A.IEM_SN,
			A.QUSTNR_IEM_ID,
			A.IEM_CN,
			A.ETC_ANSWER_AT,
			A.QUSTNR_TMPLAT_ID		 QESTNR_TMPLAT_ID,
			A.FRST_REGIST_PNTTM		 FRST_REGISTER_PNTTM,
			A.FRST_REGISTER_ID,
			A.LAST_UPDT_PNTTM,
			A.LAST_UPDUSR_ID
		FROM COMTNQUSTNRIEM A
		WHERE 1=1
		AND A.QUSTNR_IEM_ID = #qustnrIemId#

	</select>

	<!-- 설문정보::목록조회_게시물정보 -->
	<select id="QustnrItemManage.selectQustnrItemManage" parameterClass="comDefaultVO" resultClass="egovMap">
	 <![CDATA[
		SELECT
			A.QUSTNR_QESITM_ID	    QESTNR_QESITM_ID,
			A.QESTNR_ID,
			A.IEM_SN,
			A.QUSTNR_IEM_ID,
			A.IEM_CN,
			A.ETC_ANSWER_AT,
			A.QUSTNR_TMPLAT_ID	 QESTNR_TMPLAT_ID,
			A.FRST_REGIST_PNTTM	 FRST_REGISTER_PNTTM,
			A.FRST_REGISTER_ID,
			(SELECT USER_NM FROM COMTNEMPLYRINFO WHERE ESNTL_ID = A.FRST_REGISTER_ID) FRST_REGISTER_NM,
			A.LAST_UPDT_PNTTM,
			A.LAST_UPDUSR_ID
		FROM COMTNQUSTNRIEM A
		WHERE 1=1
	 ]]>
	 <isNotEmpty property="searchKeyword">
	 	<isNotEqual property="searchKeyword" compareValue="">
		 	<isNotEqual property="searchCondition" compareValue="FRST_REGISTER_ID">
		 		<isEqual property="searchCondition" compareValue="IEM_CN">
		 			AND IEM_CN LIKE CONCAT('%', #searchKeyword#, '%')
		 		</isEqual>
		 	</isNotEqual>
		 	<isEqual property="searchCondition" compareValue="FRST_REGISTER_ID">
		 		AND  FRST_REGISTER_ID IN (SELECT ESNTL_ID FROM COMTNEMPLYRINFO WHERE USER_NM LIKE CONCAT('%', #searchKeyword#, '%'))
		 	</isEqual>
	 	</isNotEqual>
	 </isNotEmpty>

	 <![CDATA[
		ORDER BY A.FRST_REGIST_PNTTM DESC
		LIMIT #recordCountPerPage# OFFSET #firstIndex#
	]]>
	</select>

	<!-- 설문정보::목록조회_게시물 총갯수  -->
	<select id="QustnrItemManage.selectQustnrItemManageCnt" parameterClass="comDefaultVO" resultClass="int">
		SELECT
		COUNT(*) totcnt
		FROM COMTNQUSTNRIEM
		WHERE 1=1
	 <isNotEmpty property="searchKeyword">
	 	<isNotEqual property="searchKeyword" compareValue="">
		 	<isNotEqual property="searchCondition" compareValue="FRST_REGISTER_ID">
		 		<isEqual property="searchCondition" compareValue="IEM_CN">
		 			AND IEM_CN LIKE CONCAT('%', #searchKeyword#, '%')
		 		</isEqual>
		 	</isNotEqual>
		 	<isEqual property="searchCondition" compareValue="FRST_REGISTER_ID">
		 		AND  FRST_REGISTER_ID IN (SELECT ESNTL_ID FROM COMTNEMPLYRINFO WHERE USER_NM LIKE CONCAT('%', #searchKeyword#, '%'))
		 	</isEqual>
	 	</isNotEqual>
	 </isNotEmpty>

	</select>

	<!-- 설문정보::입력  -->
	<insert id="QustnrItemManage.insertQustnrItemManage">
	 <![CDATA[

		INSERT INTO COMTNQUSTNRIEM (
			QUSTNR_QESITM_ID,
			QESTNR_ID,
			IEM_SN,
			QUSTNR_IEM_ID,
			IEM_CN,
			ETC_ANSWER_AT,
			QUSTNR_TMPLAT_ID,
			FRST_REGIST_PNTTM,
			FRST_REGISTER_ID,
			LAST_UPDT_PNTTM,
			LAST_UPDUSR_ID
		)VALUES(
			#qestnrQesitmId#,
			#qestnrId#,
			#iemSn#,
			#qustnrIemId#,
			#iemCn#,
			#etcAnswerAt#,
			#qestnrTmplatId#,
			sysdate(),
			#frstRegisterId#,
			sysdate(),
			#lastUpdusrId#
		)

	 ]]>
	</insert>


</sqlMap>