<?xml version="1.0" encoding="UTF-8"?>
<beans xmlns="http://www.springframework.org/schema/beans" xmlns:xsi="http://www.w3.org/2001/XMLSchema-instance"
		xmlns:context="http://www.springframework.org/schema/context"
		xsi:schemaLocation="http://www.springframework.org/schema/beans http://www.springframework.org/schema/beans/spring-beans-3.2.xsd
							http://www.springframework.org/schema/context http://www.springframework.org/schema/context/spring-context-3.2.xsd">

	<context:component-scan base-package="egovframework">
		<context:include-filter type="annotation" expression="org.springframework.stereotype.Service"/>
		<context:include-filter type="annotation" expression="org.springframework.stereotype.Repository"/>
		<context:exclude-filter type="annotation" expression="org.springframework.stereotype.Controller"/>
	</context:component-scan>

	<bean id="messageSource" class="org.springframework.context.support.ReloadableResourceBundleMessageSource">
		<property name="basenames">
			<list>
				<value>classpath:/egovframework/message/com/message-common</value>
				<value>classpath:/org/egovframe/rte/fdl/idgnr/messages/idgnr</value>
				<value>classpath:/org/egovframe/rte/fdl/property/messages/properties</value>
				<value>classpath:/egovframework/egovProps/globals</value>
			</list>
		</property>
		<property name="cacheSeconds">
			<value>60</value>
		</property>
	</bean>

    <bean id="egovMessageSource" class="egovframework.com.cmm.EgovMessageSource">
        <property name="reloadableResourceBundleMessageSource">
            <ref bean="messageSource" />
        </property>
    </bean>
    
	<!-- 실행환경에서 빈 이름 참조(AbstractServiceImpl) -->
	<bean id="leaveaTrace" class="org.egovframe.rte.fdl.cmmn.trace.LeaveaTrace">
		<property name="traceHandlerServices">
			<list>
				<ref bean="egov.traceHandlerService" />
			</list>
		</property>
	</bean>

	<bean id="egov.traceHandlerService" class="org.egovframe.rte.fdl.cmmn.trace.manager.DefaultTraceHandleManager">
		<property name="reqExpMatcher">
			<ref bean="egov.antPathMater" />
		</property>
		<property name="patterns">
			<list>
				<value>*</value>
			</list>
		</property>
		<property name="handlers">
			<list>
				<ref bean="egov.defaultTraceHandler" />
			</list>
		</property>
	</bean>

	<bean id="egov.antPathMater" class="org.springframework.util.AntPathMatcher" />

	<bean id="egov.defaultTraceHandler" class="org.egovframe.rte.fdl.cmmn.trace.handler.DefaultTraceHandler" />


    <!-- MULTIPART RESOLVERS -->
    <!-- regular spring resolver -->
    <bean id="spring.RegularCommonsMultipartResolver" class="org.springframework.web.multipart.commons.CommonsMultipartResolver">
        <property name="maxUploadSize" value="100000000" />
        <property name="maxInMemorySize" value="100000000" />
    </bean>

    <!-- custom multi file resolver -->
    <!-- 확장자 제한 : globals.properties > Globals.fileUpload.Extensions로 설정 -->
    <bean id="local.MultiCommonsMultipartResolver" class="egovframework.com.cmm.web.EgovMultipartResolver">
        <property name="maxUploadSize" value="100000000" />
        <property name="maxInMemorySize" value="100000000" />
    </bean>

    <!-- choose one from above and alias it to the name Spring expects -->
    <alias name="local.MultiCommonsMultipartResolver" alias="multipartResolver" />
    <!-- <alias name="spring.RegularCommonsMultipartResolver" alias="multipartResolver" /> -->

</beans>
