<?xml version="1.0" encoding="UTF-8"?>
<beans xmlns="http://www.springframework.org/schema/beans" xmlns:xsi="http://www.w3.org/2001/XMLSchema-instance"
	xsi:schemaLocation="http://www.springframework.org/schema/beans http://www.springframework.org/schema/beans/spring-beans-3.2.xsd">
	
    <!-- 실행환경에서 빈이름 참조(EgovAbstractDAO) -->
	<bean id="egov.lobHandler" class="org.springframework.jdbc.support.lob.DefaultLobHandler" lazy-init="true" />

	<!-- SqlMap setup for iBATIS Database Layer -->	
	<bean id="egov.sqlMapClient" class="org.egovframe.rte.psl.orm.ibatis.SqlMapClientFactoryBean">
		<property name="configLocations">
			<list>
				<value>classpath:/egovframework/sqlmap/config/${Globals.DbType}/*.xml</value>
			</list>
		</property>
		<property name="dataSource" ref="egov.dataSource"/>
		<property name="lobHandler" ref="egov.lobHandler"/>
	</bean>

</beans>	
