<?xml version="1.0" encoding="UTF-8"?>
<!DOCTYPE sqlMap PUBLIC "-//iBATIS.com//DTD SQL Map 2.0//EN" "http://www.ibatis.com/dtd/sql-map-2.dtd">

<sqlMap namespace="Photo">

	<typeAlias  alias="egovMap" type="org.egovframe.rte.psl.dataaccess.util.EgovMap"/>
	<typeAlias  alias="PhotoVO" type="egovframework.mbl.com.mpa.service.PhotoVO"/>	

	<resultMap id="Photo" class="egovframework.mbl.com.mpa.service.Photo">
		<result property="sn" 		column="SN" 		columnIndex="1"/>
		<result property="mberId" 		column="MBER_ID" 		columnIndex="2"/>
		<result property="photoSj" 		column="PHOTO_SJ" 		columnIndex="3"/>
		<result property="atchFileId" 	column="ATCH_FILE_ID" 	columnIndex="4"/>		
		<result property="creatDt" 	column="CREAT_DT" 	columnIndex="5"/>
		<result property="updtDt" 		column="UPDT_DT" 		columnIndex="6"/>
	</resultMap>
	
	<select id="PhotoDAO.selectPhoto" resultMap="Photo">
		<![CDATA[		
			SELECT
					SN, MBER_ID, PHOTO_SJ, ATCH_FILE_ID, CREAT_DT, UPDT_DT	 			  			 			  
			FROM	COMTNPHOTOALBUM		
			WHERE	SN=#sn#					
		]]>
	</select>
	
	<select id="PhotoDAO.selectPhotoList" parameterClass="PhotoVO" resultClass="egovMap">
		<![CDATA[
			SELECT  * 
              FROM  (
            SELECT ROWNUM RNUM, ALL_LIST.* 
              FROM  (
              
			SELECT
				SN, MBER_ID, PHOTO_SJ, ATCH_FILE_ID, CREAT_DT, UPDT_DT		 
			FROM	COMTNPHOTOALBUM
			WHERE	1=1
		]]>					
			<isEqual prepend="AND" property="searchCondition" compareValue="mberId">
				MBER_ID LIKE '%'||#searchKeyword#||'%'
			</isEqual>
			<isEqual prepend="AND" property="searchCondition" compareValue="photoSj">
				PHOTO_SJ  LIKE '%'||#searchKeyword#||'%'
			</isEqual>
		<![CDATA[
			ORDER BY SN DESC			
                   ) ALL_LIST
                   )
            WHERE  RNUM  > #firstIndex#
              AND  RNUM <= #firstIndex# + #recordCountPerPage#
        ]]>	
	</select>
	
	<select id="PhotoDAO.selectPhotoListTotCnt" parameterClass="PhotoVO" resultClass="int">
		<![CDATA[
			SELECT 	COUNT(*) totcnt
			FROM 	COMTNPHOTOALBUM
			WHERE	1=1
		]]>					
			<isEqual prepend="AND" property="searchCondition" compareValue="mberId">
				MBER_ID LIKE '%'||#searchKeyword#||'%'
			</isEqual>
			<isEqual prepend="AND" property="searchCondition" compareValue="photoSj">
				PHOTO_SJ  LIKE '%'||#searchKeyword#||'%'
			</isEqual>
	</select>
	
	<insert id="PhotoDAO.insertPhoto">
		<![CDATA[	
			INSERT INTO COMTNPHOTOALBUM
					(SN, MBER_ID, PHOTO_SJ, ATCH_FILE_ID, CREAT_DT, UPDT_DT) 
			VALUES
					( #sn#, #mberId#, #photoSj#, #atchFileId#, SYSDATE, SYSDATE )
		]]>
	</insert>

	<update id="PhotoDAO.updatePhoto">
		<![CDATA[
			UPDATE	COMTNPHOTOALBUM SET
					SN=#sn# 
				  , PHOTO_SJ=#photoSj#
				  , ATCH_FILE_ID=#atchFileId#	
				  , UPDT_DT=SYSDATE
 			WHERE  SN=#sn#
		]]>
		<isNotEqual property="mberId" compareValue="">
		  	AND MBER_ID = #mberId#
		</isNotEqual>
	</update>
	
	<delete id="PhotoDAO.deletePhoto">
		<![CDATA[
			DELETE FROM COMTNPHOTOALBUM 
			WHERE  SN=#sn#
		]]>
		<isNotEqual property="mberId" compareValue="">
		  	AND MBER_ID = #mberId#
		</isNotEqual>
	</delete>
	
</sqlMap>
