<?xml version="1.0" encoding="UTF-8"?>
<!DOCTYPE sqlMap PUBLIC "-//ibatis.apache.org//DTD SQL Map 2.0//EN" "http://ibatis.apache.org/dtd/sql-map-2.dtd">
<!--
	수정일		수정자					수정내용
  =========     =======    =================================================
  2011.9.5   	이기하     	 	테이블 표준화에 따른 수정사항 반영
							ADMINIST_WORD_ABRV_NM 를		ADMINIST_WORD_ABRV 로 변경
							WORD_SE 를						WORD_DOMN 로 변경
							FRST_REGIST_PNTTM 를			FRST_REGISTER_PNTTM 로 변경
  2011.09.15      서준식                selectAdministrationWord문의 영문 검색 SQL 변경	
  2011.10.05    서준식               보안 취약점 점검사항 반영 $->#변경	
-->
<sqlMap namespace="AdministrationWord">

	<typeAlias  alias="egovMap" type="org.egovframe.rte.psl.dataaccess.util.EgovMap"/>
	<typeAlias  alias="comDefaultVO" type="egovframework.com.cmm.ComDefaultVO"/>
	<typeAlias  alias="AdministrationWordManage" type="egovframework.com.uss.olh.awm.service.AdministrationWordManage" />

	<!-- 행정전문용어사전::ResultMap 선언 -->
	<resultMap id="AdministrationWordVO" class="egovframework.com.uss.olh.awm.service.AdministrationWordManage">
		<result property="administWordId" 		column="ADMINIST_WORD_ID" 		columnIndex="1"/>
		<result property="administWordNm" 		column="ADMINIST_WORD_NM" 		columnIndex="2"/>
		<result property="administWordEngNm" 	column="ADMINIST_WORD_ENG_NM" 	columnIndex="3"/>
		<result property="administWordAbrv" 	column="ADMINIST_WORD_ABRV_NM" 	columnIndex="4"/>
		<result property="themaRelm" 			column="THEMA_RELM" 			columnIndex="5"/>
		<result property="wordDomn" 			column="WORD_SE" 				columnIndex="6"/>
		<result property="stdWord" 				column="RELATE_STD_WORD" 		columnIndex="7"/>
		<result property="administWordDf" 		column="ADMINIST_WORD_DFN" 		columnIndex="8"/>
		<result property="administWordDc" 		column="ADMINIST_WORD_DC" 		columnIndex="9"/>
		<result property="frstRegisterPnttm" 	column="FRST_REGIST_PNTTM" 		columnIndex="10"/>
		<result property="frstRegisterId" 		column="FRST_REGISTER_ID" 		columnIndex="11"/>
		<result property="lastUpdusrPnttm" 		column="LAST_UPDT_PNTTM" 		columnIndex="12"/>
		<result property="lastUpdusrId" 		column="LAST_UPDUSR_ID" 		columnIndex="13"/>
	</resultMap>

	<!-- 행정전문용어사전::목록조회 게시물정보 -->
	<select id="AdministrationWord.selectAdministrationWord" resultClass="egovMap">
	<![CDATA[
	SELECT *
	FROM (
	SELECT T0.*, ROWNUM RNUM
		FROM (
	]]>
	 <![CDATA[
		SELECT
			A.ADMINIST_WORD_ID,
			A.ADMINIST_WORD_NM,
			A.ADMINIST_WORD_ENG_NM,
			A.ADMINIST_WORD_ABRV_NM						ADMINIST_WORD_ABRV,
			A.THEMA_RELM,
			A.WORD_SE									WORD_DOMN,
			A.RELATE_STD_WORD,
			A.ADMINIST_WORD_DFN,
			A.ADMINIST_WORD_DC,
			A.FRST_REGISTER_ID,
			TO_CHAR(A.FRST_REGIST_PNTTM,'YYYY-MM-DD') 								  FRST_REGISTER_PNTTM,
			(SELECT USER_NM FROM COMTNEMPLYRINFO WHERE ESNTL_ID = A.FRST_REGISTER_ID) FRST_REGISTER_NM
		FROM COMTNADMINISTRATIONWORD A
		WHERE 1=1
	 ]]>
	 <isNotEmpty property="searchKeyword">
	 	<isNotEqual property="searchKeyword" compareValue="">
	 		<isEqual property="searchCondition" compareValue="ADMINIST_WORD_NM">
	 			AND ADMINIST_WORD_NM LIKE '%' || #searchKeyword# || '%'
	 		</isEqual>
	 		<isEqual property="searchCondition" compareValue="ADMINIST_WORD_ENG_NM">
	 			AND ADMINIST_WORD_ENG_NM LIKE '%' || #searchKeyword# || '%'
	 		</isEqual>
	 		<isEqual property="searchCondition" compareValue="ADMINIST_WORD_ABRV_NM">
	 			AND ADMINIST_WORD_ABRV_NM LIKE '%' || #searchKeyword# || '%'
	 		</isEqual>
	 		<isEqual property="searchCondition" compareValue="ADMINIST_WORD_DFN">
	 			AND ADMINIST_WORD_DFN LIKE '%' || #searchKeyword# || '%'
	 		</isEqual>
	 		<isEqual property="searchCondition" compareValue="ADMINIST_WORD_DC">
	 			AND ADMINIST_WORD_DC LIKE '%' || #searchKeyword# || '%'
	 		</isEqual>
	 	</isNotEqual>
	 </isNotEmpty>

	 <isNotEmpty property="choseongA">
	 	<isNotEqual property="choseongA" compareValue="">
		<isNotEqual property="choseongB" compareValue="">

		<isEqual property="cmd" compareValue="H">
	 	 <![CDATA[ AND A.ADMINIST_WORD_NM >= #choseongA# AND A.ADMINIST_WORD_NM < #choseongB# ]]>
	 	</isEqual>
		<isEqual property="cmd" compareValue="E">
	 		<![CDATA[ AND SUBSTR(A.ADMINIST_WORD_NM, 0, 1) >= #choseongA# AND SUBSTR(A.ADMINIST_WORD_NM, 0, 1) <= #choseongB# ]]>
	 	</isEqual>

	 	 </isNotEqual>
	 	</isNotEqual>
	 </isNotEmpty>

	 <![CDATA[
		ORDER BY A.FRST_REGIST_PNTTM DESC
	]]>
	<![CDATA[
		) T0
	)
	WHERE RNUM BETWEEN #firstIndex# + 1 AND #firstIndex# + #recordCountPerPage#
	]]>
	</select>
	<!-- 행정전문용어사전::목록조회_게시물 총갯수  -->
	<select id="AdministrationWord.selectAdministrationWordCnt" resultClass="int">
		SELECT
		COUNT(*) totcnt
		FROM COMTNADMINISTRATIONWORD
		WHERE 1=1
	 <isNotEmpty property="searchKeyword">
	 	<isNotEqual property="searchKeyword" compareValue="">
	 		<isEqual property="searchCondition" compareValue="ADMINIST_WORD_NM">
	 			AND ADMINIST_WORD_NM LIKE '%' || #searchKeyword# || '%'
	 		</isEqual>
	 		<isEqual property="searchCondition" compareValue="ADMINIST_WORD_ENG_NM">
	 			AND ADMINIST_WORD_ENG_NM LIKE '%' || #searchKeyword# || '%'
	 		</isEqual>
	 		<isEqual property="searchCondition" compareValue="ADMINIST_WORD_ABRV_NM">
	 			AND ADMINIST_WORD_ABRV_NM LIKE '%' || #searchKeyword# || '%'
	 		</isEqual>
	 		<isEqual property="searchCondition" compareValue="ADMINIST_WORD_DFN">
	 			AND ADMINIST_WORD_DFN LIKE '%' || #searchKeyword# || '%'
	 		</isEqual>
	 		<isEqual property="searchCondition" compareValue="ADMINIST_WORD_DC">
	 			AND ADMINIST_WORD_DC LIKE '%' || #searchKeyword# || '%'
	 		</isEqual>
	 	</isNotEqual>
	 </isNotEmpty>
	 <isNotEmpty property="choseongA">
	 	<isNotEqual property="choseongA" compareValue="">
		<isNotEqual property="choseongB" compareValue="">

		<isEqual property="cmd" compareValue="H">
	 	 <![CDATA[ AND (ADMINIST_WORD_NM >= #choseongA# AND ADMINIST_WORD_NM < #choseongB#) ]]>
	 	</isEqual>
		<isEqual property="cmd" compareValue="E">
	 	 <![CDATA[ AND (ADMINIST_WORD_NM >= #choseongA# AND ADMINIST_WORD_NM <= #choseongB#) ]]>
	 	</isEqual>

	 	 </isNotEqual>
	 	</isNotEqual>
	 </isNotEmpty>
	</select>

    <!-- 행정전문용어사전::삭제  -->
	<delete id="AdministrationWord.deleteAdministrationWord">
		<![CDATA[
			DELETE FROM COMTNADMINISTRATIONWORD
			WHERE ADMINIST_WORD_ID=#administWordId#
		]]>
	</delete>

	<!-- 행정전문용어사전::수정  -->
	<update id="AdministrationWord.updateAdministrationWord">
	 <![CDATA[
		UPDATE COMTNADMINISTRATIONWORD
		SET
			ADMINIST_WORD_NM=#administWordNm#,
			ADMINIST_WORD_ENG_NM=#administWordEngNm#,
			ADMINIST_WORD_ABRV_NM=#administWordAbrv#,
			THEMA_RELM=#themaRelm#,
			WORD_SE=#wordDomn#,
			RELATE_STD_WORD=#stdWord#,
			ADMINIST_WORD_DFN=#administWordDf#,
			ADMINIST_WORD_DC=#administWordDc#,
			LAST_UPDT_PNTTM = sysdate,
			LAST_UPDUSR_ID = #lastUpdusrId#
		WHERE ADMINIST_WORD_ID=#administWordId#
	 ]]>
	</update>

	<!-- 행정전문용어사전::상세보기 -->
	<select id="AdministrationWord.selectAdministrationWordDetail" resultMap="AdministrationWordVO">
		SELECT
			A.ADMINIST_WORD_ID,
			A.ADMINIST_WORD_NM,
			A.ADMINIST_WORD_ENG_NM,
			A.ADMINIST_WORD_ABRV_NM,
			A.THEMA_RELM,
			A.WORD_SE,
			A.RELATE_STD_WORD,
			A.ADMINIST_WORD_DFN,
			A.ADMINIST_WORD_DC,
			A.FRST_REGIST_PNTTM,
			A.FRST_REGISTER_ID,
			A.LAST_UPDT_PNTTM,
			A.LAST_UPDUSR_ID
		FROM COMTNADMINISTRATIONWORD A
		WHERE 1=1
		AND A.ADMINIST_WORD_ID=#administWordId#
	</select>

	<!-- 행정전문용어사전::입력  -->
	<insert id="AdministrationWord.insertAdministrationWord">
	 <![CDATA[
		INSERT INTO COMTNADMINISTRATIONWORD (
			ADMINIST_WORD_ID,
			ADMINIST_WORD_NM,
			ADMINIST_WORD_ENG_NM,
			ADMINIST_WORD_ABRV_NM,
			THEMA_RELM,
			WORD_SE,
			RELATE_STD_WORD,
			ADMINIST_WORD_DFN,
			ADMINIST_WORD_DC,
			FRST_REGIST_PNTTM,
			FRST_REGISTER_ID,
			LAST_UPDT_PNTTM,
			LAST_UPDUSR_ID
		)VALUES(
			#administWordId#,
			#administWordNm#,
			#administWordEngNm#,
			#administWordAbrv#,
			#themaRelm#,
			#wordDomn#,
			#stdWord#,
			#administWordDf#,
			#administWordDc#,
			sysdate,
			#frstRegisterId#,
			sysdate,
			#lastUpdusrId#
		)
	 ]]>
	</insert>
</sqlMap>