<?xml version="1.0" encoding="UTF-8"?>
<!DOCTYPE mapper PUBLIC "-//mybatis.org//DTD Mapper 3.0//EN" 
"http://mybatis.org/dtd/mybatis-3-mapper.dtd">
<mapper namespace="fileOpenerDeviceAPIDAO">

	<resultMap id="documentList" type="egovframework.hyb.mbl.fop.service.FileOpenerDeviceAPIVO">
		<result property="sn" column="SN"/>
		<result property="streFileNm" column="STRE_FILE_NM"/>
		<result property="orignlFileNm" column="ORIGNL_FILE_NM"/>		
		<result property="updDt" column="UPD_DT"/>		
		<result property="fileSize" column="FILE_SIZE"/>
	</resultMap>
	
	<select id="selectDocumentListInfo" parameterType="egovframework.hyb.mbl.fop.service.FileOpenerDeviceAPIDefaultVO" resultMap="documentList">
		SELECT
			a.SN,			
			TO_CHAR(a.UPD_DT, 'YYYY-MM-DD HH24:MI:SS') UPD_DT,
    		b.STRE_FILE_NM, 
    		b.ORIGNL_FILE_NM,
    		b.FILE_SIZE
		FROM 
			file_opener_list a, FILE_DETAIL_INFO b
		WHERE a.FILE_SN = b.FILE_SN
    		AND a.USE_YN = 'Y'
    	ORDER BY a.UPD_DT DESC
	</select>

</mapper>