<?xml version="1.0" encoding="UTF-8"?>
<!DOCTYPE sqlMap PUBLIC "-//iBATIS.com//DTD SQL Map 2.0//EN" "http://www.ibatis.com/dtd/sql-map-2.dtd">

<sqlMap namespace="OfflineWeb">
	<typeAlias  alias="egovMap" type="org.egovframe.rte.psl.dataaccess.util.EgovMap"/>
	<typeAlias  alias="OfflineWebVO" type="egovframework.mbl.com.ows.service.OffineWebVO"/>	

	<resultMap id="OfflineWeb" class="egovframework.mbl.com.ows.service.OfflineWeb">
		<result property="sn" column="SN" columnIndex="1"/>
		<result property="mberId" column="MBER_ID" columnIndex="2"/>
		<result property="offlineWebSj" column="OFFLINE_SJ" columnIndex="3"/>
		<result property="offlineWebCn" column="OFFLINE_CN" columnIndex="4"/>
		<result property="creatDt" column="CREAT_DT" columnIndex="5"/>
		<result property="updtDt" column="UPDT_DT" columnIndex="6"/>
	</resultMap>
	
	
	<!-- 오프라인 서비스 글 목록 Total count -->
	<select id="OfflineWebDAO.selectOfflineWebTotCnt" resultClass="java.lang.Integer">
	<![CDATA[
		SELECT COUNT(A.SN) AS TOT_CNT
		  FROM COMTNOFFLINEWEB A
		 WHERE 1 = 1		   
	]]>
	<isEqual  prepend="AND" property="searchCondition" compareValue="mberId">
	<![CDATA[
		A.MBER_ID LIKE '%' || #searchKeyword# || '%' 	
	]]>
	</isEqual>
	<isEqual  prepend="AND" property="searchCondition" compareValue="offlineWebSj">
	<![CDATA[
		A.OFFLINE_SJ LIKE '%' || #searchKeyword# || '%'	
	]]>
	</isEqual>
	<isEqual  prepend="AND" property="searchCondition" compareValue="offlineWebAll">
	<![CDATA[
		(A.MBER_ID LIKE '%' || #searchKeyword# || '%') OR (A.OFFLINE_SJ LIKE '%' || #searchKeyword# || '%') OR (A.OFFLINE_CN LIKE '%' || #searchKeyword# || '%')	
	]]>
	</isEqual>
	</select>
	
	<!-- 오프라인  서비스 목록 조회 -->
	<select id="OfflineWebDAO.selectOfflineWebList" resultMap="OfflineWeb">
	<![CDATA[	
		SELECT  * 
			FROM  (
		SELECT ROWNUM RNUM, ALL_LIST.* 
			FROM  (
	        
		SELECT A.*
		  FROM (		
			SELECT A.SN,
			       A.MBER_ID,
			       A.OFFLINE_SJ,
			       A.OFFLINE_CN,
			       TO_CHAR( A.CREAT_DT, 'YYYY-MM-DD') AS CREAT_DT,
			       TO_CHAR( A.UPDT_DT, 'YYYY-MM-DD') AS UPDT_DT
			FROM COMTNOFFLINEWEB A
			WHERE 1 = 1
	]]>
		<isEqual  prepend="AND" property="searchCondition" compareValue="mberId">
		<![CDATA[
			A.MBER_ID LIKE '%' || #searchKeyword# ||'%'	
		]]>
		</isEqual>
		<isEqual  prepend="AND" property="searchCondition" compareValue="offlineWebSj">
		<![CDATA[
			A.OFFLINE_SJ LIKE '%' || #searchKeyword# || '%'	
		]]>
		</isEqual>
		<isEqual  prepend="AND" property="searchCondition" compareValue="offlineWebAll">
		<![CDATA[
			(A.MBER_ID LIKE '%' || #searchKeyword# || '%') OR (A.OFFLINE_SJ LIKE '%' || #searchKeyword# || '%') OR (A.OFFLINE_CN LIKE '%' || #searchKeyword# || '%')	
		]]>
		</isEqual>
		<![CDATA[
			ORDER BY SN DESC	
		) A					
		]]>
		<isNotEqual property="deviceType" compareValue="M">
		<![CDATA[
		ORDER BY SN DESC
                    ) ALL_LIST
                    ) Z
        WHERE  RNUM  > #firstIndex#
            AND  RNUM <= #firstIndex# + #recordCountPerPage#
		]]>
		</isNotEqual>
		<isEqual property="deviceType" compareValue="M">
		<![CDATA[
		ORDER BY SN DESC
                ) ALL_LIST
                ) Z
        WHERE  RNUM  > 0
        	AND  RNUM <= #fetchRow#    
		]]>
		</isEqual>
	</select>
	
	<!-- 오프라인  서비스 글 상세 조회 -->
	<select id="OfflineWebDAO.selectOfflineWeb" resultMap="OfflineWeb">
	<![CDATA[		
		SELECT A.SN,
		       A.MBER_ID,
		       A.OFFLINE_SJ,
		       A.OFFLINE_CN,
		       TO_CHAR( A.CREAT_DT, 'YYYY-MM-DD') AS CREAT_DT,
		       TO_CHAR( A.UPDT_DT, 'YYYY-MM-DD') AS UPDT_DT
		  FROM COMTNOFFLINEWEB A
		 WHERE 1 = 1
		   AND A.SN = #sn#
	]]>
	</select>
	
	
	<!-- 오프라인  서비스 신규 일련번호 -->
	<select id="OfflineWebDAO.selectOfflineWebNewSn" resultClass="java.lang.Integer">
	<![CDATA[
		SELECT CASE WHEN A.CNT = 0 THEN 1
                    ELSE (SELECT MAX(A.SN) + 1 
                            FROM COMTNOFFLINEWEB A
                         )
                END AS SN 
  		  FROM (
		        SELECT COUNT(SN) AS CNT
		          FROM COMTNOFFLINEWEB
               ) A
	]]>
	</select>	

	<!-- 오프라인  서비스 글 등록 -->
	<insert id="OfflineWebDAO.insertOfflineWeb">
	<![CDATA[	
		INSERT INTO COMTNOFFLINEWEB (
				SN,
				MBER_ID,
				OFFLINE_SJ,
				OFFLINE_CN,
				CREAT_DT,
				UPDT_DT
		) VALUES (
				#sn#,
				#mberId#,
				#offlineWebSj#,
				#offlineWebCn#,
				SYSDATETIME,
				SYSDATETIME
		)
	]]>
	</insert>
	
	<!-- 오프라인 서비스 글 삭제 -->
	<delete id="OfflineWebDAO.deleteOfflineWeb">
	<![CDATA[
		DELETE FROM COMTNOFFLINEWEB
		 WHERE SN = #sn#
		]]>
	<isNotEqual property="mberId" compareValue="">
		  AND MBER_ID = #mberId#
	</isNotEqual>		
	</delete>		
	
	<!-- 오프라인 서비스 글 수정 -->
	<update id="OfflineWebDAO.updateOfflineWeb">
	<![CDATA[
		UPDATE COMTNOFFLINEWEB
		   SET MBER_ID = #mberId#,
			   OFFLINE_SJ = #offlineWebSj#,
			   OFFLINE_CN = #offlineWebCn#,
			   UPDT_DT = SYSDATETIME
		 WHERE SN=#sn#	   
		]]>
	<isNotEqual property="mberId" compareValue="">
		  AND MBER_ID = #mberId#
	</isNotEqual>		
	</update>		

</sqlMap>
