<?xml version="1.0" encoding="UTF-8"?>

<!DOCTYPE sqlMap PUBLIC "-//ibatis.apache.org//DTD SQL Map 2.0//EN" "http://ibatis.apache.org/dtd/sql-map-2.dtd">

<sqlMap namespace="OnlinePollResult">

	<typeAlias  alias="egovMap" type="org.egovframe.rte.psl.dataaccess.util.EgovMap"/>
	<typeAlias  alias="comDefaultVO" type="egovframework.com.cmm.ComDefaultVO"/>
	
	<!-- 온라인POLL관리::목록조회 게시물정보 -->
	<select id="OnlinePollResult.selectOnlinePollManageList" resultClass="egovMap">
	 <![CDATA[
		SELECT
		A.POLL_ID,
		A.POLL_NM, 
		A.POLL_BGNDE,
		A.POLL_ENDDE,
		A.POLL_KND,
		A.POLL_DSUSE_ENNC,
		A.POLL_ATMC_DSUSE_ENNC,
		A.FRST_REGISTER_ID,
		DATE_FORMAT(A.FRST_REGIST_PNTTM,'%Y-%m-%d') 								FRST_REGISTER_PNTTM,
		(SELECT USER_NM FROM COMTNEMPLYRINFO WHERE ESNTL_ID = A.FRST_REGISTER_ID)	FRST_REGISTER_NM 
		FROM COMTNONLINEPOLLMANAGE A
		WHERE 1=1
		AND POLL_ID = #pollId# 
	 ]]>
	 <![CDATA[
		ORDER BY A.FRST_REGIST_PNTTM DESC
	]]>
	</select>

	<!-- 온라인POLL결과::목록조회 게시물정보 -->
	<select id="OnlinePollResult.selectOnlinePollResult" resultClass="egovMap">
	 <![CDATA[
		SELECT 
		A.POLL_ID,
		A.POLL_IEM_ID,
		(SELECT POLL_IEM_NM FROM COMTNONLINEPOLLIEM WHERE POLL_ID=A.POLL_ID AND POLL_IEM_ID=A.POLL_IEM_ID) POLL_IEM_NM,
		A.POLL_RESULT_ID,
		A.FRST_REGISTER_ID,
		(SELECT USER_NM FROM COMTNEMPLYRINFO WHERE ESNTL_ID = A.FRST_REGISTER_ID)	FRST_REGISTER_NM,
		A.FRST_REGIST_PNTTM															FRST_REGISTER_PNTTM,
		A.LAST_UPDUSR_ID,
		A.LAST_UPDT_PNTTM
		FROM COMTNONLINEPOLLRESULT A
		WHERE 1=1
		AND A.POLL_ID = #pollId# 
		ORDER BY POLL_IEM_NM


	]]> 
	</select>
	
    <!-- 온라인POLL결과::삭제  -->
	<delete id="OnlinePollResult.deleteOnlinePollResult">
		<![CDATA[
			DELETE FROM COMTNONLINEPOLLRESULT 
			WHERE POLL_RESULT_ID=#pollResultId#
		]]>
	</delete>


</sqlMap>