<?xml version="1.0" encoding="UTF-8"?>
<!DOCTYPE mapper PUBLIC "-//mybatis.org//DTD Mapper 3.0//EN" 
"http://mybatis.org/dtd/mybatis-3-mapper.dtd">
<mapper namespace="contactsAndroidAPIDAO">

	<insert id="insertContactInfo">		

		<selectKey keyProperty="contactId" resultType="int" order="BEFORE">
			SELECT (IFNULL(MAX(ID),0)+1) FROM CONTACT_INFO WHERE UUID = #{uuid}
		</selectKey>

			INSERT INTO CONTACT_INFO
				( UUID
				  , ID 
				  , NAME
				  , TELNO
				  , EMAILS				  
				  , USEYN )
			VALUES ( #{uuid}
				  , #{contactId}
				  , #{name}
				  , #{telNo}
				  , #{emails}				  
				  , #{useYn})
		
	</insert>
	
	<update id="updateContactInfo">		
		
			UPDATE CONTACT_INFO 
			SET ID=#{newId} 
				, NAME=#{name}
				, TELNO=#{telNo}
				, EMAILS=#{emails}				
				, USEYN=#{useYn}
			WHERE UUID=#{uuid} AND NAME=#{name} AND TELNO=#{telNo}
		
	</update>
	
	<select id="selectContactInfoList" resultType="egovframework.hyb.add.ctt.service.ContactsAndroidAPIVO">

			SELECT
				UUID, 
				ID contactId, 
				NAME, 
				TELNO, 
				EMAILS, 
				USEYN
			FROM CONTACT_INFO
			WHERE USEYN='Y' AND UUID=#{uuid}
			ORDER BY NAME
	</select>
	
	<select id="selectContactInfo" resultType="egovframework.hyb.add.ctt.service.ContactsAndroidAPIVO">

			SELECT A.UUID, A.ID AS contactId, A.NAME, A.TELNO, A.EMAILS, A.USEYN
			FROM ( 
				SELECT UUID, ID, TRIM(NAME) AS NAME, TRIM(REPLACE(TELNO,'-','')) AS TELNO, EMAILS, USEYN
				FROM CONTACT_INFO
				WHERE USEYN='Y' AND UUID=#{uuid}
			) A
			WHERE A.UUID=#{uuid} AND A.NAME=#{name} AND A.TELNO=#{telNoCompare}
	</select>
	
	<delete id="deleteContactInfo">
		
			DELETE FROM CONTACT_INFO
			WHERE UUID=#{uuid} AND NAME=#{name} AND TELNO=#{telNo}
		
	</delete>
	
	<select id="selectContactInfoListTotCnt" parameterType="egovframework.hyb.add.ctt.service.ContactsAndroidAPIVO" resultType="int">
			SELECT COUNT(*) totcnt
			FROM CONTACT_INFO
			WHERE UUID=#{uuid}
	</select>	

</mapper>