<?xml version="1.0" encoding="UTF-8"?>
<!DOCTYPE sqlMap PUBLIC "-//iBATIS.com//DTD SQL Map 2.0//EN" "http://www.ibatis.com/dtd/sql-map-2.dtd">
<!-- 
	수정일                 수정자                          수정내용
  =========     =======    =================================================
  2011.9.5   	정진오     	 	FaqManageDAO.selectFaqList에 Alias 추가
  							FRST_REGIST_PNTTM ->  	FRST_REGISTER_PNTTM
							LAST_UPDT_PNTTM -> 		LAST_UPDUSR_PNTTM 
							RDCNT ->				INQIRE_CO
  2011.09.26        서준식		FaqManageDAO.selectFaqList 문의 FRST_REGIST_PNTTM, LAST_UPDT_PNTTM 컬럼에  DATE_FORMAT 함수 적용							 							
-->

<sqlMap namespace="FaqManage">

	<typeAlias  alias="egovMap" type="org.egovframe.rte.psl.dataaccess.util.EgovMap"/>
	<typeAlias  alias="FaqManageSearchVO" type="egovframework.com.uss.olh.faq.service.FaqManageDefaultVO"/>	

	<resultMap id="FaqManage" class="egovframework.com.uss.olh.faq.service.FaqManageVO">
		<result property="faqId" 		column="FAQ_ID" 		columnIndex="1"/>
		<result property="qestnSj" 		column="QESTN_SJ" 		columnIndex="2"/>
		<result property="qestnCn" 		column="QESTN_CN" 		columnIndex="3"/>
		<result property="answerCn" 	column="ANSWER_CN" 		columnIndex="4"/>
		<result property="inqireCo" 	column="RDCNT" 	columnIndex="5"/>
		<result property="atchFileId" 	column="ATCH_FILE_ID" 	columnIndex="6"/>		
		<result property="frstRegisterPnttm" 	column="FRST_REGIST_PNTTM" 	columnIndex="7"/>
		<result property="frstRegisterId" 		column="FRST_REGISTER_ID" 		columnIndex="8"/>
		<result property="lastUpdusrPnttm" 		column="LAST_UPDT_PNTTM" 		columnIndex="9"/>
		<result property="lastUpdusrId" 		column="LAST_UPDUSR_ID" 		columnIndex="10"/>				
	</resultMap>
	
	<select id="FaqManageDAO.selectFaqListDetail" resultMap="FaqManage">
		<![CDATA[		
			SELECT 	FAQ_ID, 
					QESTN_SJ, 
					QESTN_CN, 
					ANSWER_CN, 
					RDCNT, 
					ATCH_FILE_ID,
					DATE_FORMAT(FRST_REGIST_PNTTM,'%Y-%m-%d') FRST_REGIST_PNTTM,
					FRST_REGISTER_ID, 
					DATE_FORMAT(LAST_UPDT_PNTTM,'%Y-%m-%d') LAST_UPDT_PNTTM,
					LAST_UPDUSR_ID			 			  			 			  
			FROM	COMTNFAQINFO		
			WHERE	FAQ_ID=#faqId#					
		]]>
	</select>
	
	<select id="FaqManageDAO.selectFaqList" parameterClass="FaqManageSearchVO" resultClass="egovMap">
		<![CDATA[
			SELECT
				FAQ_ID,
				QESTN_SJ,
				QESTN_CN,
				ANSWER_CN,
				RDCNT 				INQIRE_CO,
				ATCH_FILE_ID,
				DATE_FORMAT(FRST_REGIST_PNTTM,'%Y-%m-%d') 	FRST_REGISTER_PNTTM,
				FRST_REGISTER_ID,
				DATE_FORMAT(LAST_UPDT_PNTTM,'%Y-%m-%d') 	LAST_UPDUSR_PNTTM,
				LAST_UPDUSR_ID			 
			FROM	COMTNFAQINFO                               			
			WHERE	1=1   			
		]]>					
			<isEqual prepend="AND" property="searchCondition" compareValue="qestnSj">
				<![CDATA[QESTN_SJ LIKE CONCAT('%', #searchKeyword#, '%')]]>
			</isEqual>
			ORDER BY FAQ_ID DESC			
			LIMIT  #recordCountPerPage# OFFSET #firstIndex#	
	</select>
	
	<select id="FaqManageDAO.selectFaqListTotCnt" parameterClass="FaqManageSearchVO" resultClass="int">
		<![CDATA[
			SELECT 	COUNT(*) totcnt
			FROM 	COMTNFAQINFO
			WHERE 	1=1
		]]>			
			<isEqual prepend="AND" property="searchCondition" compareValue="qestnSj">
				<![CDATA[QESTN_SJ LIKE CONCAT('%', #searchKeyword#, '%')]]>
			</isEqual>
	</select>
	
	<insert id="FaqManageDAO.insertFaqCn">	
		<![CDATA[	
			INSERT INTO COMTNFAQINFO
				   (FAQ_ID
				  , QESTN_SJ
				  , QESTN_CN
				  , ANSWER_CN
				  , RDCNT
				  , ATCH_FILE_ID
				  , FRST_REGIST_PNTTM 
				  , FRST_REGISTER_ID 
				  , LAST_UPDT_PNTTM 
				  , LAST_UPDUSR_ID) 
			VALUES ( #faqId#
				  , #qestnSj#
				  , #qestnCn#
				  , #answerCn#
				  , 0
				  , #atchFileId#
				  , sysdate()
				  , #frstRegisterId#
				  , sysdate()
				  , #lastUpdusrId# )
		]]>
	</insert>
	
	<update id="FaqManageDAO.updateFaqInqireCo">
		<![CDATA[		
			UPDATE	COMTNFAQINFO	SET
				    RDCNT= IFNULL(RDCNT,0) + 1				  			
				  , LAST_UPDT_PNTTM=sysdate()
				  , LAST_UPDUSR_ID=#lastUpdusrId#
 			WHERE  FAQ_ID=#faqId#
		]]>
	</update>

	<update id="FaqManageDAO.updateFaqCn">
		<![CDATA[
			UPDATE	COMTNFAQINFO	SET
					FAQ_ID=#faqId# 
				  , QESTN_SJ=#qestnSj#
				  , QESTN_CN=#qestnCn#
				  , ANSWER_CN=#answerCn#
				  , ATCH_FILE_ID=#atchFileId#				  			
				  , LAST_UPDT_PNTTM=sysdate()
				  , LAST_UPDUSR_ID=#lastUpdusrId#
 			WHERE  FAQ_ID=#faqId#
		]]>
	</update>
	
	<delete id="FaqManageDAO.deleteFaqCn">
		<![CDATA[
			DELETE FROM COMTNFAQINFO 
			WHERE  FAQ_ID=#faqId#
		]]>
	</delete>
	
</sqlMap>
