<?xml version="1.0" encoding="UTF-8"?>
<!DOCTYPE sqlMap PUBLIC "-//iBATIS.com//DTD SQL Map 2.0//EN" "http://www.ibatis.com/dtd/sql-map-2.dtd">

<sqlMap namespace="SndngMailDtls">

	<typeAlias  alias="egovMap" type="org.egovframe.rte.psl.dataaccess.util.EgovMap"/>
	<typeAlias  alias="comDefaultVO" type="egovframework.com.cmm.ComDefaultVO"/>
	<typeAlias  alias="sndngMailVO" type="egovframework.com.cop.ems.service.SndngMailVO"/>
	
	<!-- 발송메일 내역 조회를 위한 resultMap -->
	<resultMap id="sndngMail" class="egovframework.com.cop.ems.service.SndngMailVO">
		<result property="mssageId" column="mssageId" columnIndex="1"/>
		<result property="sndngResultCode" column="sndngResultCode" columnIndex="2"/>
		<result property="dsptchPerson" column="sndr" columnIndex="3"/>
		<result property="recptnPerson" column="rcver" columnIndex="4"/>
		<result property="sj" column="sj" columnIndex="5"/>		
		<result property="sndngDe" column="sndngDe" columnIndex="6"/>
		<result property="atchFileId" column="atchFileId" columnIndex="7"/>		
	</resultMap>
	
	<!-- 발송메일 내역조회 -->
	<select id="SndngMailDtlsDAO.selectSndngMailList_D" parameterClass="comDefaultVO" resultMap="sndngMail">
		<![CDATA[
		SELECT dtls.mssageId
		     , dtls.sndngResultCode
		     , dtls.sndr
		     , dtls.rcver
		     , dtls.sj
		     , dtls.sndngDe
		     , dtls.atchFileId
		  FROM (
				SELECT mssage_id AS mssageId
				     , (SELECT code_nm 
				          FROM COMTCCMMNDETAILCODE 
				         WHERE use_at = 'Y' 
				           AND code_id = 'COM024'
				           AND code = sndng_result_code) AS sndngResultCode
				     , sndr AS sndr
				     , rcver AS rcver
				     , sj AS sj
				     , dsptch_dt AS sndngDe
				     , atch_file_id AS atchFileId
				  FROM COMTHEMAILDSPTCHMANAGE
				 WHERE 1=1
				]]>
				<isEqual prepend="AND" property="searchCondition" compareValue="1">
					<![CDATA[sj LIKE CONCAT('%', #searchKeyword#, '%')]]>
				</isEqual>
				<isEqual prepend="AND" property="searchCondition" compareValue="2">
					<![CDATA[email_cn LIKE CONCAT('%', #searchKeyword#, '%')]]>
				</isEqual>
				<isEqual prepend="AND" property="searchCondition" compareValue="3">
					<![CDATA[sndr LIKE CONCAT('%', #searchKeyword#, '%')]]>
				</isEqual>
				 ORDER BY mssage_id DESC
		  ) dtls	
		 WHERE 1 = 1	 
		 LIMIT  #recordCountPerPage# OFFSET #firstIndex#
	</select>

	<!-- 발송메일 내역 총건수 조회 -->
	<select id="SndngMailDtlsDAO.selectSndngMailListTotCnt_S" parameterClass="comDefaultVO" resultClass="int">
		<![CDATA[
		SELECT COUNT(*) AS totcnt
		  FROM COMTHEMAILDSPTCHMANAGE
		 WHERE 1=1
		]]>
		<isEqual prepend="AND" property="searchCondition" compareValue="1">
			<![CDATA[sj LIKE CONCAT('%', #searchKeyword#, '%')]]>
		</isEqual>
		<isEqual prepend="AND" property="searchCondition" compareValue="2">
			<![CDATA[email_cn LIKE CONCAT('%', #searchKeyword#, '%')]]>
		</isEqual>
		<isEqual prepend="AND" property="searchCondition" compareValue="3">
			<![CDATA[sndr LIKE CONCAT('%', #searchKeyword#, '%')]]>
		</isEqual>
	</select>
</sqlMap>
