<?xml version="1.0" encoding="UTF-8"?>
<!DOCTYPE sqlMap PUBLIC "-//iBATIS.com//DTD SQL Map 2.0//EN" "http://www.ibatis.com/dtd/sql-map-2.dtd">

<sqlMap namespace="SndngMailRegist">

	<typeAlias  alias="egovMap" type="org.egovframe.rte.psl.dataaccess.util.EgovMap"/>
	<typeAlias  alias="sndngMailVO" type="egovframework.com.cop.ems.service.SndngMailVO"/>
	<typeAlias  alias="atchmnFileVO" type="egovframework.com.cop.ems.service.AtchmnFileVO"/>
	
	<!-- 발송메일 등록 -->
	<insert id="sndngMailRegistDAO.insertSndngMail" parameterClass="sndngMailVO">
		<![CDATA[
		INSERT INTO COMTHEMAILDSPTCHMANAGE 
		(	
			MSSAGE_ID, 
			SNDR, 
			RCVER, 
			SJ, 
			SNDNG_RESULT_CODE, 
			EMAIL_CN,
			DSPTCH_DT,
			ATCH_FILE_ID
		)
		VALUES
		(	
			#mssageId#,
			#dsptchPerson#, 
			#recptnPerson#,
			#sj#, 
			#sndngResultCode#, 
			#emailCn#,
			sysdate(),
			#atchFileId#
		)
		]]>
	</insert>
	
	<!-- 첨부파일 목록 조회 -->
	<select id="sndngMailRegistDAO.selectAtchmnFileList" parameterClass="sndngMailVO" resultClass="atchmnFileVO">
		<![CDATA[
		SELECT atch_file_id AS atchFileId
		     , file_sn AS fileSn
		     , file_stre_cours AS fileStreCours
		     , stre_file_nm AS streFileNm
		     , orignl_file_nm AS orignlFileNm
		     , file_extsn AS fileExtsn
		     , file_size AS fileMg
		  FROM COMTNFILEDETAIL
		 WHERE atch_file_id = #atchFileId#
		]]>
	</select>
	
	<!-- 발송메일 결과 수정 -->
	<update id="sndngMailRegistDAO.updateSndngMail" parameterClass="sndngMailVO">
		<![CDATA[
		UPDATE COMTHEMAILDSPTCHMANAGE 
		   SET SNDNG_RESULT_CODE = #sndngResultCode#
		 WHERE MSSAGE_ID = #mssageId#
		]]>
	</update>
	
</sqlMap>
