<?xml version="1.0" encoding="UTF-8"?>
<!DOCTYPE sqlMap PUBLIC "-//iBATIS.com//DTD SQL Map 2.0//EN" "http://www.ibatis.com/dtd/sql-map-2.dtd">

<sqlMap namespace="SndngMailDetail">

	<typeAlias  alias="egovMap" type="org.egovframe.rte.psl.dataaccess.util.EgovMap"/>
	<typeAlias  alias="sndngMailVO" type="egovframework.com.cop.ems.service.SndngMailVO"/>
	
	<!-- 발송메일을 위한 resultMap -->
	<resultMap id="sndngMail" class="egovframework.com.cop.ems.service.SndngMailVO">
		<result property="mssageId" column="mssageId" columnIndex="1"/>
		<result property="dsptchPerson" column="sndr" columnIndex="2"/>
		<result property="recptnPerson" column="rcver" columnIndex="3"/>
		<result property="sj" column="sj" columnIndex="4"/>
		<result property="sndngResultCode" column="sndngResultCode" columnIndex="5"/>
		<result property="emailCn" column="email_cn" columnIndex="6" jdbcType="CLOB" typeHandler="egovframework.com.cmm.AltibaseClobStringTypeHandler"/>
		<result property="atchFileId" column="atchFileId" columnIndex="7"/>		
	</resultMap>
	
	<!-- 발송메일 상세 조회 -->
	<select id="sndngMailDetailDAO.selectSndngMail" resultMap="sndngMail">
		<![CDATA[
		SELECT mssage_id AS mssageId
		     , sndr AS sndr
		     , rcver AS rcver
		     , sj AS sj
		     , (SELECT code_nm 
		          FROM COMTCCMMNDETAILCODE 
		         WHERE use_at = 'Y' 
		           AND code_id = 'COM024'
		           AND code = sndng_result_code) AS sndngResultCode
		     , email_cn AS email_cn
		     , atch_file_id AS atchFileId
		  FROM COMTHEMAILDSPTCHMANAGE
		 WHERE mssage_id = #mssageId#
		]]>
	</select>

	<!-- 첨부파일 목록 조회 -->
	<select id="sndngMailDetailDAO.selectAtchmnFileList" parameterClass="sndngMailVO" resultClass="egovMap">
		<![CDATA[
		SELECT mssage_id AS mssageId
		     , atchmn_no AS atchmnNo
		     , email_atchmn_file_nm AS atchmnFileNm
		     , email_atchmn_file_path AS atchmnFilePath
		     , atchmn_file_size AS atchmnFileSize
		  FROM COMTNEMAILATCHMNINFO
		 WHERE mssage_id = #mssageId#
		]]>
	</select>
	
	<!--  발송메일 삭제 -->
	<delete id="sndngMailDetailDAO.deleteSndngMail" parameterClass="sndngMailVO">
		<![CDATA[
		DELETE FROM COMTHEMAILDSPTCHMANAGE
		WHERE mssage_id = #mssageId#
		]]>
	</delete>
	
	<!--  첨부파일 목록 삭제 -->
	<delete id="sndngMailDetailDAO.deleteAtchmnFileList" parameterClass="sndngMailVO">
		<![CDATA[
		DELETE FROM COMTNEMAILATCHMNINFO
		WHERE mssage_id = #mssageId#
		]]>
	</delete>
	
</sqlMap>
