<?xml version="1.0" encoding="UTF-8"?>
<!DOCTYPE sqlMap PUBLIC "-//iBATIS.com//DTD SQL Map 2.0//EN" "http://www.ibatis.com/dtd/sql-map-2.dtd">

<sqlMap namespace="ChartGraph">

	<typeAlias  alias="egovMap" type="org.egovframe.rte.psl.dataaccess.util.EgovMap"/>
	<typeAlias  alias="ChartGraphVO" type="egovframework.mbl.com.mcg.service.ChartGraphVO"/>	

	<resultMap id="ChartGraph" class="egovframework.mbl.com.mcg.service.ChartGraph">
		<result property="sn" 		column="SN" 		columnIndex="1"/>
		<result property="mberId" 		column="MBER_ID" 		columnIndex="2"/>
		<result property="xaxis" 		column="XAXIS" 		columnIndex="3"/>
		<result property="yaxis" 	column="YAXIS" 	columnIndex="4"/>		
		<result property="lgdNm"    columnIndex="5"  column="LGD_NM"/>
		<result property="creatDt" 	column="CREAT_DT" 	columnIndex="6"/>
		<result property="updtDt" 		column="UPDT_DT" 		columnIndex="7"/>	
</resultMap>
	
	<select id="ChartGraphDAO.selectChartGraph" resultMap="ChartGraph">
		<![CDATA[		
			SELECT
					SN, MBER_ID, XAXIS, YAXIS, LGD_NM, CREAT_DT, UPDT_DT	 			  			 			  
			FROM	COMTNCHARTGRAPH
			WHERE	SN=#sn#					
		]]>
	</select>
	
	<select id="ChartGraphDAO.selectChartGraphList" parameterClass="ChartGraphVO" resultClass="egovMap">
		<![CDATA[
			SELECT  * 
              FROM  (
            SELECT ROWNUM RNUM, ALL_LIST.* 
              FROM  (
			
			SELECT
				SN, MBER_ID, XAXIS, YAXIS, LGD_NM, CREAT_DT, UPDT_DT		 
			FROM	COMTNCHARTGRAPH
			WHERE	1=1
		]]>
			<isEqual prepend="AND" property="searchCondition" compareValue="mberId">
				MBER_ID LIKE '%'||#searchKeyword#||'%'
			</isEqual>
			<isEqual prepend="AND" property="searchCondition" compareValue="xaxis">
				XAXIS LIKE '%'||#searchKeyword#||'%'
			</isEqual>
			<isEqual prepend="AND" property="searchCondition" compareValue="yaxis">
				YAXIS  LIKE '%'||#searchKeyword#||'%'
			</isEqual>
			<isEqual prepend="AND" property="searchCondition" compareValue="lgdNm">
				LGD_NM LIKE '%'||#searchKeyword#||'%'
			</isEqual>
		<![CDATA[  
			ORDER BY SN DESC
                   ) ALL_LIST
                   )
            WHERE  RNUM  > #firstIndex#
              AND  RNUM <= #firstIndex# + #recordCountPerPage#
        ]]>
	</select>
	
	<select id="ChartGraphDAO.selectChartGraphListTotCnt" parameterClass="ChartGraphVO" resultClass="int">
		<![CDATA[
			SELECT 	COUNT(*) totcnt
			FROM 	COMTNCHARTGRAPH
			WHERE	1=1
		]]>		
			<isEqual prepend="AND" property="searchCondition" compareValue="mberId">
				MBER_ID LIKE '%'||#searchKeyword#||'%'
			</isEqual>
			<isEqual prepend="AND" property="searchCondition" compareValue="xaxis">
				XAXIS LIKE '%'||#searchKeyword#||'%'
			</isEqual>
			<isEqual prepend="AND" property="searchCondition" compareValue="yaxis">
				YAXIS  LIKE '%'||#searchKeyword#||'%'
			</isEqual>
			<isEqual prepend="AND" property="searchCondition" compareValue="lgdNm">
				LGD_NM LIKE '%'||#searchKeyword#||'%'
			</isEqual>
</select>
	
	<insert id="ChartGraphDAO.insertChartGraph">
		<![CDATA[	
			INSERT INTO COMTNCHARTGRAPH
					(SN, MBER_ID, XAXIS, YAXIS, LGD_NM, CREAT_DT, UPDT_DT) 
			VALUES
					( #sn#, #mberId#, #xaxis#, #yaxis#, #lgdNm#, SYSDATE, SYSDATE )
		]]>
	</insert>

	<update id="ChartGraphDAO.updateChartGraph">
		<![CDATA[
			UPDATE	COMTNCHARTGRAPH SET
					SN=#sn# 
				  , XAXIS=#xaxis#
				  , YAXIS=#yaxis#
				  , LGD_NM=#lgdNm#
				  , UPDT_DT=SYSDATE
 			WHERE  SN=#sn#
		]]>
		<isNotEqual property="mberId" compareValue="">
		  	AND MBER_ID = #mberId#
		</isNotEqual>
	</update>
	
	<delete id="ChartGraphDAO.deleteChartGraph">
		<![CDATA[
			DELETE FROM COMTNCHARTGRAPH 
			WHERE  SN=#sn#
		]]>
		<isNotEqual property="mberId" compareValue="">
		  	AND MBER_ID = #mberId#
		</isNotEqual>
	</delete>
	
</sqlMap>
