<?xml version="1.0" encoding="UTF-8"?>
<Configuration>
    <Appenders>
        <Console name="console" target="SYSTEM_OUT">
            <PatternLayout pattern="%d %5p [%c] %m%n" />
        </Console>
    </Appenders>
    <Loggers>
        <Logger name="java.sql" level="DEBUG" additivity="false">
            <AppenderRef ref="console" />
        </Logger>
        <Logger name="egovframework" level="DEBUG" additivity="false">
            <AppenderRef ref="console" />
        </Logger>
         <Logger name="org.egovframe" level="DEBUG" additivity="false">
            <AppenderRef ref="console" />
        </Logger>
          <!-- log SQL with timing information, post execution -->
        <Logger name="jdbc.sqltiming" level="DEBUG" additivity="false">
            <AppenderRef ref="console" />
        </Logger>
        <Logger name="org.springframework" level="DEBUG" additivity="false">
            <AppenderRef ref="console" />
        </Logger>
        <Root level="DEBUG">
            <AppenderRef ref="console" />
        </Root>
    </Loggers>
</Configuration>
