<?xml version="1.0" encoding="UTF-8"?>
<beans xmlns="http://www.springframework.org/schema/beans" xmlns:xsi="http://www.w3.org/2001/XMLSchema-instance"
	xsi:schemaLocation="http://www.springframework.org/schema/beans http://www.springframework.org/schema/beans/spring-beans-4.0.xsd
		http://www.springframework.org/schema/batch http://www.springframework.org/schema/batch/spring-batch-3.0.xsd">
	
	<import resource="abstract/eGovBase.xml" />

	<job id="fixedLengthToFixedLengthJob" parent="eGovBaseJob" xmlns="http://www.springframework.org/schema/batch">
		<step id="fixedLengthToFixedLengthStep" parent="eGovBaseStep">
			<tasklet>
				<chunk reader="fixedLengthToFixedLengthJob.fixedLengthToFixedLengthStep.fixedLengthItemReader"
					processor="fixedLengthToFixedLengthJob.fixedLengthToFixedLengthStep.itemProcessor"
					writer="fixedLengthToFixedLengthJob.fixedLengthToFixedLengthStep.formatItemWriter"
					commit-interval="2" />
			</tasklet>
		</step>
	</job>

	<bean id="fixedLengthToFixedLengthJob.fixedLengthToFixedLengthStep.fixedLengthItemReader"
		class="org.springframework.batch.item.file.FlatFileItemReader" scope="step">
		<property name="resource" value="#{jobParameters[inputFile]}" />
		<property name="lineMapper">
			<bean class="org.egovframe.rte.bat.core.item.file.mapping.EgovDefaultLineMapper">
				<property name="lineTokenizer">
					<bean class="org.egovframe.rte.bat.core.item.file.transform.EgovFixedLengthTokenizer">
						<property name="columns" value="1-9,10-11" />
					</bean>
				</property>
				<property name="objectMapper">
					<bean class="org.egovframe.rte.bat.core.item.file.mapping.EgovObjectMapper">
						<property name="type" value="egovframework.example.bat.domain.trade.CustomerCredit" />
						<property name="names" value="name,credit" />
					</bean>
				</property>
			</bean>
		</property>
	</bean>

	<bean id="fixedLengthToFixedLengthJob.fixedLengthToFixedLengthStep.formatItemWriter"
		class="org.springframework.batch.item.file.FlatFileItemWriter" scope="step">
		<property name="resource" value="#{jobParameters[outputFile]}" />
		<property name="lineAggregator">
			<bean class="org.egovframe.rte.bat.core.item.file.transform.EgovFixedLengthLineAggregator">
				<property name="fieldExtractor">
					<bean class="org.egovframe.rte.bat.core.item.file.transform.EgovFieldExtractor">
						<property name="names" value="name,credit" />
					</bean>
				</property>
				<property name="fieldRanges" value="9,2" />
			</bean>
		</property>
	</bean>

	<bean id="fixedLengthToFixedLengthJob.fixedLengthToFixedLengthStep.itemProcessor"
		class="egovframework.example.bat.domain.trade.CustomerCreditIncreaseProcessor" />

</beans>
