<?xml version="1.0" encoding="UTF-8"?>
<beans xmlns="http://www.springframework.org/schema/beans" xmlns:xsi="http://www.w3.org/2001/XMLSchema-instance"
		xmlns:p="http://www.springframework.org/schema/p"
        xmlns:context="http://www.springframework.org/schema/context"
        xmlns:mvc="http://www.springframework.org/schema/mvc"
        xsi:schemaLocation="http://www.springframework.org/schema/beans
        					http://www.springframework.org/schema/beans/spring-beans-4.0.xsd
                			http://www.springframework.org/schema/context
                			http://www.springframework.org/schema/context/spring-context-4.0.xsd
                			http://www.springframework.org/schema/mvc
                			http://www.springframework.org/schema/mvc/spring-mvc-4.0.xsd">

    <context:component-scan base-package="egovframework">
        <context:include-filter type="annotation" expression="org.springframework.stereotype.Controller"/>
        <context:exclude-filter type="annotation" expression="org.springframework.stereotype.Service"/>
        <context:exclude-filter type="annotation" expression="org.springframework.stereotype.Repository"/>
    </context:component-scan>
    
    <bean class="org.springframework.web.servlet.mvc.method.annotation.RequestMappingHandlerMapping"/>
    <bean class="org.springframework.web.servlet.mvc.method.annotation.RequestMappingHandlerAdapter ">
        <property name="webBindingInitializer">
            <bean class="egovframework.example.cmmn.web.EgovBindingInitializer"/>
        </property>
        <property name="messageConverters">
			<list>
				<bean class="org.springframework.http.converter.json.MappingJackson2HttpMessageConverter" />
				<bean class="org.springframework.http.converter.xml.Jaxb2RootElementHttpMessageConverter" >
				    <property name = "supportedMediaTypes">
					    <list>
					        <value>*/*;charset=UTF-8</value>					        
					    </list>
					</property>	
					</bean>
			</list>
		</property>
    </bean>
   
    <!--
	<bean id="jsonConverter" class="org.springframework.http.converter.json.MappingJackson2HttpMessageConverter">
			 <property name="supportedMediaTypes" value="application/json" />  
	</bean>
	-->
	
	<!-- jsonView -->
    <bean id="viewResolver"  class="org.springframework.web.servlet.view.BeanNameViewResolver" p:order="0" />
	<bean id="jsonView" class="org.springframework.web.servlet.view.json.MappingJackson2JsonView" />
	
	<mvc:interceptors>
		<mvc:interceptor>
			<mvc:mapping path="/**/*.do" />
			<mvc:exclude-mapping path="/uat/uia/**" />
			<bean class="egovframework.com.cmm.interceptor.CustomAuthenticInterceptor" />
		</mvc:interceptor>
	</mvc:interceptors>
	
</beans>