<?xml version="1.0" encoding="UTF-8"?>
<!DOCTYPE sqlMap PUBLIC "-//iBATIS.com//DTD SQL Map 2.0//EN" "http://www.ibatis.com/dtd/sql-map-2.dtd">

<sqlMap namespace="BBSMaster">

	<typeAlias  alias="egovMap" type="org.egovframe.rte.psl.dataaccess.util.EgovMap"/>
	<typeAlias  alias="BoardMaster" type="egovframework.com.cop.bbs.service.BoardMaster"/>
	
		<resultMap id="boardMasterDetail" class="egovframework.com.cop.bbs.service.BoardMasterVO">
		<result property="bbsId" column="BBS_ID" columnIndex="1"/>
		<result property="commentAt" column="ANSWER_AT" columnIndex="2"/>
		<result property="stsfdgAt" column="STSFDG_AT" columnIndex="3"/>
		<result property="frstRegisterId" column="FRST_REGISTER_ID" columnIndex="4"/>
		<result property="frstRegisterNm" column="FRST_REGISTER_NM" columnIndex="5"/>
		<result property="frstRegisterPnttm" column="FRST_REGIST_PNTTM" columnIndex="6"/>
	</resultMap>

	<insert id="BBSAddedOptionsDAO.insertAddedOptionsInf" parameterClass="BoardMaster" >
		<![CDATA[
			INSERT INTO COMTNBBSMASTEROPTN
			(BBS_ID, ANSWER_AT, STSFDG_AT,  
			 FRST_REGISTER_ID, FRST_REGIST_PNTTM )
			VALUES
			( #bbsId#, 
		]]>
		<isEqual property="option" compareValue="">
			<![CDATA[ 'N', 'N', ]]>
		</isEqual>
		<isEqual property="option" compareValue="comment">
			<![CDATA[ 'Y', 'N', ]]>
		</isEqual>
		<isEqual property="option" compareValue="stsfdg">
			<![CDATA[ 'N', 'Y', ]]>
		</isEqual>
		<![CDATA[
			  #frstRegisterId#, SYSDATE
			 )			
		]]>
	</insert>

	<select id="BBSAddedOptionsDAO.selectAddedOptionsInf" parameterClass="BoardMaster" resultMap="boardMasterDetail" >
		<![CDATA[
			SELECT 
				a.BBS_ID, a.ANSWER_AT, a.STSFDG_AT,
				a.FRST_REGISTER_ID, b.USER_NM as FRST_REGISTER_NM,
				TO_CHAR(a.FRST_REGIST_PNTTM, 'YYYY-MM-DD') as FRST_REGIST_PNTTM
			FROM
				COMTNBBSMASTEROPTN a				
			LEFT OUTER JOIN COMVNUSERMASTER b
				ON a.FRST_REGISTER_ID = b.ESNTL_ID		
			WHERE a.BBS_ID = #bbsId#
		]]>				
	</select> 
	
 	<update id="BBSAddedOptionsDAO.updateAddedOptionsInf" parameterClass="BoardMaster">
 		<![CDATA[
			UPDATE COMTNBBSMASTEROPTN SET 
		]]>
		<isEqual property="option" compareValue="">
			<![CDATA[ ANSWER_AT = 'N', STSFDG_AT = 'N', ]]>
		</isEqual>
		<isEqual property="option" compareValue="comment">
			<![CDATA[ ANSWER_AT = 'Y', STSFDG_AT = 'N', ]]>
		</isEqual>
		<isEqual property="option" compareValue="stsfdg">
			<![CDATA[ ANSWER_AT = 'N', STSFDG_AT = 'Y', ]]>
		</isEqual>
		<![CDATA[
				LAST_UPDUSR_ID = #lastUpdusrId#,
				LAST_UPDT_PNTTM = SYSDATE
			WHERE BBS_ID = #bbsId#
 		]]>
 	</update>
</sqlMap>
