<?xml version="1.0" encoding="UTF-8"?>
<!DOCTYPE sqlMap PUBLIC "-//ibatis.apache.org//DTD SQL Map 2.0//EN" "http://ibatis.apache.org/dtd/sql-map-2.dtd">
<!--
	수정일		수정자					수정내용
  =========     =======    =================================================
  2011.8.24   	이기하     	 	테이블 표준화에 따른 수정사항 반영
  							QUSTNR_TMPLAT_ID 를			 	QESTNR_TMPLAT_ID 로 변경
							QUSTNR_TMPLAT_TY 를 			QESTNR_TMPLAT_TY 로 변경
							FRST_REGIST_PNTTM 를			FRST_REGISTER_PNTTM 로 변경
							QUSTNR_TMPLAT_IMAGE_INFO 를		QESTNR_TMPLAT_IMAGEPATHNM 로 변경
							QUSTNR_TMPLAT_DC 를				QESTNR_TMPLAT_CN 로 변경
							QUSTNR_TMPLAT_PATH_NM 를		QESTNR_TMPLAT_COURS 로 변경
  2011.10.05	정진오		보안 취약점 점검사항에 따른 수정사항 반영
  							$searchKeyword$를	 #searchKeyword# 로 변경
  							$searchCondition$는 <isEqual property="searchCondition" compareValue="선택조건명">으로 수정
-->
<sqlMap namespace="QustnrTmplatManage">

	<typeAlias  alias="egovMap" type="org.egovframe.rte.psl.dataaccess.util.EgovMap"/>
	<typeAlias  alias="comDefaultVO" type="egovframework.com.cmm.ComDefaultVO"/>
	<typeAlias  alias="QustnrTmplatManageVO" type="egovframework.com.uss.olp.qtm.service.QustnrTmplatManageVO"/>

 	<resultMap id="QustnrTmplatManageTmplatImagepathnm" class="java.util.HashMap">
        <result property="QUSTNR_TMPLAT_IMAGE_INFOPATHNM"  column="QUSTNR_TMPLAT_IMAGE_INFOPATHNM" jdbcType="BLOB" javaType="[B"/>
    </resultMap>

	<select id="QustnrTmplatManage.selectQustnrTmplatManageTmplatImagepathnm" parameterClass="QustnrTmplatManageVO" resultMap="QustnrTmplatManageTmplatImagepathnm">
		SELECT
			QUSTNR_TMPLAT_IMAGE_INFO 	QUSTNR_TMPLAT_IMAGE_INFOPATHNM
		FROM COMTNQUSTNRTMPLAT
		WHERE 1=1
		AND QUSTNR_TMPLAT_ID = #qestnrTmplatId#
	</select>
	<!-- 설문응답자 삭제 -->
	<delete id="QustnrTmplatManage.deleteQustnrRespondManage">
		DELETE FROM COMTNQUSTNRRESPONDINFO
		WHERE QUSTNR_TMPLAT_ID = #qestnrTmplatId#
	</delete>
	<!-- 설문조사(설문결과) 삭제 -->
	<delete id="QustnrTmplatManage.deleteQustnrRespondInfo">
		DELETE FROM COMTNQUSTNRRSPNSRESULT
		WHERE QUSTNR_TMPLAT_ID = #qestnrTmplatId#
	</delete>
	<!-- 설문항목 삭제 -->
	<delete id="QustnrTmplatManage.deleteQustnrItemManage">
		DELETE FROM COMTNQUSTNRIEM
		WHERE QUSTNR_TMPLAT_ID = #qestnrTmplatId#
	</delete>
	<!-- 설문문항 삭제 -->
	<delete id="QustnrTmplatManage.deleteQustnrQestnManage">
		DELETE FROM COMTNQUSTNRQESITM
		WHERE QUSTNR_TMPLAT_ID = #qestnrTmplatId#
	</delete>
	<!-- 설문관리 삭제 -->
	<delete id="QustnrTmplatManage.deleteQustnrManage">
		DELETE FROM COMTNQESTNRINFO
		WHERE QUSTNR_TMPLAT_ID = #qestnrTmplatId#
	</delete>

	<delete id="QustnrTmplatManage.deleteQustnrTmplatManage">
		<![CDATA[
			DELETE FROM COMTNQUSTNRTMPLAT
			WHERE QUSTNR_TMPLAT_ID = #qestnrTmplatId#
		]]>
	</delete>

	<update id="QustnrTmplatManage.updateQustnrTmplatManage">
		UPDATE COMTNQUSTNRTMPLAT
		SET
		<isNotNull property="qestnrTmplatImagepathnm">
			QUSTNR_TMPLAT_IMAGE_INFO = #qestnrTmplatImagepathnm:BLOB#,
		</isNotNull>
		QUSTNR_TMPLAT_TY = #qestnrTmplatTy#,
		QUSTNR_TMPLAT_DC = #qestnrTmplatCn#,
		QUSTNR_TMPLAT_PATH_NM = #qestnrTmplatCours#,
		LAST_UPDT_PNTTM = sysdate(),
		LAST_UPDUSR_ID = #lastUpdusrId#
		WHERE QUSTNR_TMPLAT_ID = #qestnrTmplatId#
	</update>

	<select id="QustnrTmplatManage.selectQustnrTmplatManageDetail" parameterClass="QustnrTmplatManageVO" resultClass="egovMap">
		SELECT
			QUSTNR_TMPLAT_ID		 QESTNR_TMPLAT_ID,
			QUSTNR_TMPLAT_TY		 QESTNR_TMPLAT_TY,
			FRST_REGIST_PNTTM		 FRST_REGISTER_PNTTM,
			FRST_REGISTER_ID,
			LAST_UPDT_PNTTM,
			LAST_UPDUSR_ID,
			QUSTNR_TMPLAT_IMAGE_INFO      QESTNR_TMPLAT_IMAGEPATHNM,
			QUSTNR_TMPLAT_DC		    QESTNR_TMPLAT_CN,
			QUSTNR_TMPLAT_PATH_NM	    QESTNR_TMPLAT_COURS
		FROM COMTNQUSTNRTMPLAT
		WHERE 1=1
		AND QUSTNR_TMPLAT_ID = #qestnrTmplatId#
	</select>

	<select id="QustnrTmplatManage.selectQustnrTmplatManage" parameterClass="comDefaultVO" resultClass="egovMap">
	 <![CDATA[
		SELECT
			A.QUSTNR_TMPLAT_ID		 QESTNR_TMPLAT_ID,
			A.QUSTNR_TMPLAT_TY		 QESTNR_TMPLAT_TY,
			A.FRST_REGIST_PNTTM		 FRST_REGISTER_PNTTM,
			(SELECT USER_NM FROM COMTNEMPLYRINFO WHERE ESNTL_ID = A.FRST_REGISTER_ID) FRST_REGISTER_NM,
			A.FRST_REGISTER_ID,
			A.LAST_UPDT_PNTTM,
			A.LAST_UPDUSR_ID,
			A.QUSTNR_TMPLAT_IMAGE_INFO    QESTNR_TMPLAT_IMAGEPATHNM,
			A.QUSTNR_TMPLAT_DC		    QESTNR_TMPLAT_CN,
			A.QUSTNR_TMPLAT_PATH_NM	    QESTNR_TMPLAT_COURS
			FROM COMTNQUSTNRTMPLAT A
		WHERE 1=1
	 ]]>
	 <isNotEmpty property="searchKeyword">
	 	<isNotEqual property="searchKeyword" compareValue="">
	 		<isNotEqual property="searchCondition" compareValue="">
	 			<isEqual property="searchCondition" compareValue="QUSTNR_TMPLAT_DC">
	 				AND QUSTNR_TMPLAT_DC LIKE CONCAT('%', #searchKeyword#, '%')
	 			</isEqual>
	 			<isEqual property="searchCondition" compareValue="QUSTNR_TMPLAT_TY">
	 				AND QUSTNR_TMPLAT_TY LIKE CONCAT('%', #searchKeyword#, '%')
	 			</isEqual>
	 		</isNotEqual>
	 	</isNotEqual>
	 </isNotEmpty>
	 <![CDATA[
		ORDER BY A.FRST_REGIST_PNTTM DESC
		LIMIT #recordCountPerPage# OFFSET #firstIndex#
	]]>
	</select>

	<select id="QustnrTmplatManage.selectQustnrTmplatManageCnt" parameterClass="comDefaultVO" resultClass="int">
		SELECT
		COUNT(*) totcnt
		FROM COMTNQUSTNRTMPLAT
		WHERE 1=1
	 <isNotEmpty property="searchKeyword">
	 	<isNotEqual property="searchKeyword" compareValue="">
	 		<isNotEqual property="searchCondition" compareValue="">
	 			<isEqual property="searchCondition" compareValue="QUSTNR_TMPLAT_DC">
	 				AND QUSTNR_TMPLAT_DC LIKE CONCAT('%', #searchKeyword#, '%')
	 			</isEqual>
	 			<isEqual property="searchCondition" compareValue="QUSTNR_TMPLAT_TY">
	 				AND QUSTNR_TMPLAT_TY LIKE CONCAT('%', #searchKeyword#, '%')
	 			</isEqual>
	 		</isNotEqual>
	 	</isNotEqual>
	 </isNotEmpty>
	</select>

	<insert id="QustnrTmplatManage.insertQustnrTmplatManage">
	 <![CDATA[

		INSERT INTO COMTNQUSTNRTMPLAT (
			QUSTNR_TMPLAT_ID
			,QUSTNR_TMPLAT_TY
			,QUSTNR_TMPLAT_IMAGE_INFO
			,QUSTNR_TMPLAT_DC
			,QUSTNR_TMPLAT_PATH_NM
			,FRST_REGIST_PNTTM
			,FRST_REGISTER_ID
			,LAST_UPDT_PNTTM
			,LAST_UPDUSR_ID
		)VALUES(
			#qestnrTmplatId#
			,#qestnrTmplatTy#
			,#qestnrTmplatImagepathnm:BLOB#
			,#qestnrTmplatCn#
			,#qestnrTmplatCours#
			,sysdate()
			,#frstRegisterId#
			,sysdate()
			,#lastUpdusrId#
		)

	 ]]>
	</insert>


</sqlMap>